PMID,Node1,Node1_Type,Relationship,Node2,Node2_Type,Description
29055949,Tumor Immunity,dsyn,COEXISTS_WITH,Ovarian Carcinoma,neop,The observations confirm the therapeutic potential of PD-L1/PD-1 mAb to reactivate anti-tumor immunity in ovarian cancer.
29218796,tumor growth,neop,COEXISTS_WITH,Ovarian Carcinoma,neop,"Over the last decade, increasing evidence highlights the role of the host immune system in the control of tumor growth and the prognostic implications of tumor infiltrating lymphocytes (TILs) in ovarian cancer."
31278254,tumor growth,neop,COEXISTS_WITH,Ovarian Carcinoma,neop,Small extracellular vesicles containing arginase-1 suppress T-cell responses and promote tumor growth in ovarian carcinoma.
29251331,Ovarian Carcinoma,neop,ISA,Neoplasm,neop,"Ovarian cancer (OC), of which epithelial ovarian cancer (EOC) is the most common, is the deadliest gynecological tumor because of the difficulties in detection at early stages, and metastasis and chemoresistance at advanced stages."
30129640,Ovarian Carcinoma,neop,COEXISTS_WITH,Neoplasm,neop,"Our results suggested that tumor immune infiltrates of ovarian cancer were quite cohort and subtype dependent, and activated CD4+ T and CD8+ T tumor infiltrating lymphocytes were associated with good overall survival in the high-grade serous tumors."
31537619,Ovarian Carcinoma,neop,COEXISTS_WITH,Neoplasm,neop,We examined whether this ligand is a prognostic marker for high-grade serous ovarian cancer (HGSOC) and whether it is associated with accumulation of immune cells in the tumor.
30377203,Ovarian Carcinoma,neop,MANIFESTATION_OF,Neoplasm,neop,"We evaluated if associations between aspirin or non-aspirin NSAID use and ovarian cancer risk differed by tumor expression of prostaglandin-related (COX1, COX2) and TAM-related (CD68, CD163) markers."
29301826,Pharmacotherapy,topp,TREATS,Ovarian Carcinoma,neop,Purpose: To conduct a phase I trial of a Modified Vaccinia Ankara vaccine delivering wild-type human p53 (p53MVA) in combination with gemcitabine chemotherapy in patients with platinum-resistant ovarian cancer.
29504705,Pharmacotherapy,topp,TREATS,Ovarian Carcinoma,neop,The standard chemotherapy for ovarian cancer is paclitaxel/carboplatin.
30518877,Pharmacotherapy,topp,TREATS,Ovarian Carcinoma,neop,The backbone of ovarian cancer treatment is platinum-based chemotherapy and aggressive surgical debulking.
31059109,Pharmacotherapy,topp,TREATS,Ovarian Carcinoma,neop,CONCLUSIONS: The assessment of Treg levels prior to the start of chemotherapy is clinically useful and may predict overall survival in ovarian cancer patients.
31362778,Pharmacotherapy,topp,TREATS,Ovarian Carcinoma,neop,Standard treatment for ovarian cancer is still surgery followed by taxane- and platinum-based chemotherapy.
31571212,Pharmacotherapy,topp,TREATS,Ovarian Carcinoma,neop,Neutrophil-to-lymphocyte ratio as a prognostic factor in advanced stage ovarian carcinoma treated with neoadjuvant chemotherapy.
31571212,Pharmacotherapy,topp,TREATS,Ovarian Carcinoma,neop,"OBJECTIVES: To evaluate the prognostic significance of neutrophil-to-lymphocyte ratio (NLR) upon diagnosis, and its impact on surgical outcome, among patients with advanced stage ovarian carcinoma treated with neoadjuvant chemotherapy (NACT)."
31746376,Pharmacotherapy,topp,TREATS,Ovarian Carcinoma,neop,These results suggest possible treatments for patients with ovarian cancer who undergo chemotherapy; inhibiting M2 macrophage differentiation during chemotherapy may reduce the rate of tumor recurrence.
31809609,Pharmacotherapy,topp,TREATS,Ovarian Carcinoma,neop,Material and Methods: A retrospective analysis of consecutive stage IV OC patients who underwent NACT followed by IDS with CPLNs assessment and/or resection from July 2017 to June 2018.
31809609,Pharmacotherapy,topp,TREATS,Ovarian Carcinoma,neop,CPLNs removal during IDS after NACT for stage IV OC could be safely performed to achieve a complete resection.
29351920,Pharmacotherapy,topp,NEG_AFFECTS,Ovarian Carcinoma,neop,Purpose: Ovarian carcinoma no longer responsive to surgery and chemotherapy remains an incurable disease.
30845699,Pharmacotherapy,topp,NEG_AFFECTS,Ovarian Carcinoma,neop,Ovarian cancer is one of the most lethal and challenging female malignancies worldwide because of delayed diagnoses and resistance to traditional chemotherapy.
29307453,Lymph node excision,topp,TREATS,Ovarian Carcinoma,neop,Retroperitoneal lymphadenectomy for ovarian cancer with double inferior vena cava.
29573822,Lymph node excision,topp,TREATS,Ovarian Carcinoma,neop,Efficacy of soft coagulation in retroperitoneal lymphadenectomy for ovarian cancer.
30253459,Lymph node excision,topp,TREATS,Ovarian Carcinoma,neop,"The present report describes a 45-year-old woman with ovarian cancer who underwent hysterectomy, bilateral salpingo-oophorectomy, pelvic lymphadenectomy, para-aortic lymphadenectomy, and omentectomy."
31474589,Lymph node excision,topp,TREATS,Ovarian Carcinoma,neop,Pelvic and para-aortic lymphadenectomy is routinely performed in early ovarian cancer to define the stage of the disease.
31398143,Lymph node excision,topp,AFFECTS,Ovarian Carcinoma,neop,The role of lymphadenectomy in ovarian cancer has been the focus of gynecological oncologists during recent years.
29334771,Ovarian Carcinoma,neop,ISA,Malignant Neoplasms,neop,These data support further investigation of CARMA-hMeso as a potential treatment for ovarian cancer and other mesothelin-expressing cancers.
29342108,Ovarian Carcinoma,neop,ISA,Malignant Neoplasms,neop,Ovarian cancer is the most lethal gynecological malignancy.
30018043,Ovarian Carcinoma,neop,ISA,Malignant Neoplasms,neop,These findings suggest that the value of expanded autologous NK cell therapy for ovarian cancer and other solid malignancies should be clinically assessed.
30129640,Ovarian Carcinoma,neop,ISA,Malignant Neoplasms,neop,Ovarian cancer is one of the leading causes of death from gynecologic malignancy in women.
30129640,Ovarian Carcinoma,neop,ISA,Malignant Neoplasms,neop,"Given that the presence of tumor infiltrating lymphocytes is associated with prognosis and ovarian cancer is among the first cancers with an established association of immune cell infiltration, identification of the immune microenvironment in ovarian cancer is thought to be promising."
30845699,Ovarian Carcinoma,neop,ISA,Malignant Neoplasms,neop,Ovarian cancer is one of the most lethal and challenging female malignancies worldwide because of delayed diagnoses and resistance to traditional chemotherapy.
31049770,Ovarian Carcinoma,neop,ISA,Malignant Neoplasms,neop,Ovarian cancer is one of the most deadly cancers with rapid proliferation and poor prognosis among patients.
31088836,Ovarian Carcinoma,neop,ISA,Malignant Neoplasms,neop,"Although ovarian cancer has a low incidence rate, it remains the most deadly gynecologic malignancy."
31409361,Ovarian Carcinoma,neop,ISA,Malignant Neoplasms,neop,Ovarian cancer is one of the most common gynecological malignancies.
29335712,BRCA1 gene,gngm,ASSOCIATED_WITH,Ovarian Carcinoma,neop,Objective: To assess associations between normal tissue BRCA1 methylation and ovarian cancer risk.
29335712,BRCA1 gene,gngm,PREDISPOSES,Ovarian Carcinoma,neop,Conclusion: Constitutively normal tissue BRCA1 promoter methylation is positively associated with risk for HGSOC.
29351920,Operative Surgical Procedures,topp,NEG_AFFECTS,Ovarian Carcinoma,neop,Purpose: Ovarian carcinoma no longer responsive to surgery and chemotherapy remains an incurable disease.
29679177,Operative Surgical Procedures,topp,TREATS,Ovarian Carcinoma,neop,METHODS: The subjects were patients with ovarian CCC who underwent surgery between January 1988 and December 2013.
31096435,Operative Surgical Procedures,topp,TREATS,Ovarian Carcinoma,neop,"In a total of 30 women who were scheduled to undergo a surgical treatment for ovarian cancer, peripheral blood samples were obtained before and after surgery."
29357823,Neoantigen,imft,ASSOCIATED_WITH,Ovarian Carcinoma,neop,Chemotherapy weakly contributes to predicted neoantigen expression in ovarian cancer.
29980529,Neoantigen,imft,ASSOCIATED_WITH,Ovarian Carcinoma,neop,Neoantigens in Ovarian Cancer: Embarrassment of Riches or Needles in a Haystack?
31771601,Neoantigen,imft,ASSOCIATED_WITH,Ovarian Carcinoma,neop,This study is the first attempt to compare the two approaches and to use NeoAgs-based vaccines in ovarian cancer in the adjuvant setting.
29485423,Ovarian Carcinoma,neop,PROCESS_OF,Woman,humn,"Using cases from the largest study of African American women with ovarian cancer, the African American Cancer Epidemiology Study, we characterized PD-L1 and IDO expression in 112 high-grade serous ovarian carcinomas."
29754071,Ovarian Carcinoma,neop,PROCESS_OF,Woman,humn,"Additionally, elderly women receive poorer prognoses when diagnosed with ovarian cancer."
30129640,Ovarian Carcinoma,neop,PROCESS_OF,Woman,humn,Ovarian cancer is one of the leading causes of death from gynecologic malignancy in women.
30253459,Ovarian Carcinoma,neop,PROCESS_OF,Woman,humn,"The present report describes a 45-year-old woman with ovarian cancer who underwent hysterectomy, bilateral salpingo-oophorectomy, pelvic lymphadenectomy, para-aortic lymphadenectomy, and omentectomy."
30702598,Ovarian Carcinoma,neop,PROCESS_OF,Woman,humn,"Notably, the majority of women with ovarian cancer are diagnosed with stage III or IV disease with a high recurrence rate."
31096435,Ovarian Carcinoma,neop,PROCESS_OF,Woman,humn,We investigated the clinical association between the presence of perioperative CTCs and survival outcomes in women with ovarian cancer.
31096435,Ovarian Carcinoma,neop,PROCESS_OF,Woman,humn,The presence of postoperative CTCs as detected using the TSF platform seems to be associated with poorer PFS rates in women with ovarian cancer of advanced stage.
31305893,Ovarian Carcinoma,neop,PROCESS_OF,Woman,humn,"Finding talc in pelvic tissues in women with ovarian carcinoma who have used talc is important in documenting exposure and assessing talc's biologic potential, but tissue-based morphology studies have been rarely reported."
31456796,Ovarian Carcinoma,neop,PROCESS_OF,Woman,humn,"Ovarian cancer (OC) is diagnosed in ~22,000 women in the US each year and kills 14,000 of them."
31469423,Ovarian Carcinoma,neop,PROCESS_OF,Woman,humn,"METHODS: Data were retrospectively reviewed from women diagnosed with ovarian cancer and endometriosis after ovarian cyst surgery in Zhejiang, China, 2014-2016."
31469423,Ovarian Carcinoma,neop,PROCESS_OF,Woman,humn,"RESULTS: Overall, 49 women were diagnosed with ovarian cancer and 192 with endometriosis."
31800180,Ovarian Carcinoma,neop,PROCESS_OF,Woman,humn,The aim of the work is to analyze the content and informativeness of immunoglobulins and phagocytic activity of peripheral blood to improve the diagnosis of ovarian cancer among elderly women.
29504705,Carboplatin,orch,TREATS,Ovarian Carcinoma,neop,The standard chemotherapy for ovarian cancer is paclitaxel/carboplatin.
29588093,Sentinel Lymph Node Biopsy,diap,DIAGNOSES,Ovarian Carcinoma,neop,Sentinel lymph node biopsy in ovarian cancers: Are intracervical injections necessary?
29651744,T cell therapy,topp,TREATS,Ovarian Carcinoma,neop,Prospects of chimeric antigen receptor T cell therapy in ovarian cancer.
29651744,T cell therapy,topp,TREATS,Ovarian Carcinoma,neop,"Initial studies of CAR T cell therapy have shown promising results in ovarian cancer, but there are some obstacles like impaired T cell trafficking, lack of antigenic targets, cytokine release syndrome and most important immunosuppressive tumor microenvironment."
29651744,T cell therapy,topp,TREATS,Ovarian Carcinoma,neop,"In this review article, we highlight the current knowledge regarding CAR T cell therapy in ovarian cancer."
29739756,Chemokine (C-C Motif) Ligand 4,aapp,ASSOCIATED_WITH,Ovarian Carcinoma,neop,"C57/BL6 mice treated with MIP-1beta exhibited increased P-selectin expression on mesothelial cells lining peritoneal tissues, which enhanced CaOV3 adhesion ex vivo and ID8 adhesion in vivo Analysis of samples from patients with HGSOC confirmed increased MIP-1beta and P-selectin, suggesting that this novel multicellular mechanism could be targeted to slow or stop metastasis in HGSOC by repurposing anti-CCR5 and P-selectin therapies developed for other indications."
29751991,CA-125 Antigen,carb,ASSOCIATED_WITH,Ovarian Carcinoma,neop,"OBJECTIVE: The effect of CA125, neutrophil to lymphocyte ratio (NLR) and thrombocytosis on survival has been studied in ovarian cancer."
30666724,CA-125 Antigen,carb,ASSOCIATED_WITH,Ovarian Carcinoma,neop,dNLR was positively correlated with stage and carbohydrate antigen-125 in ovarian cancer.
31341906,CA-125 Antigen,carb,ASSOCIATED_WITH,Ovarian Carcinoma,neop,Neutrophil-to-Lymphocyte Ratio in Ovarian Cancer Patients with Low CA125 Concentration.
29772069,Tumor Antigens,orch,ASSOCIATED_WITH,Ovarian Carcinoma,neop,Nature of tumour rejection antigens in ovarian cancer.
29772069,Tumor Antigens,orch,ASSOCIATED_WITH,Ovarian Carcinoma,neop,"Of the various human tumour antigens defined to date in ovarian cancer, the cancer-testis (CT) family of antigens have been studied extensively preclinically and clinically because of their testis-restricted expression in normal tissues and ability to elicit robust immune responses."
29772069,Tumor Antigens,orch,ASSOCIATED_WITH,Ovarian Carcinoma,neop,This review will highlight current work in selecting tumour rejection antigens in ovarian cancer for improving the efficacy of immunotherapy.
31315674,Tumor Antigens,orch,ASSOCIATED_WITH,Ovarian Carcinoma,neop,Oncolytic Maraba virus armed with tumor antigen boosts vaccine priming and reveals diverse therapeutic response patterns when combined with checkpoint blockade in ovarian cancer.
29802738,Infiltration,patf,COEXISTS_WITH,Ovarian Carcinoma,neop,CD8+ T-lymphocytes infiltration is a favorable prognostic marker in ovarian cancer.
30078505,Infiltration,patf,COEXISTS_WITH,Ovarian Carcinoma,neop,Patient inflammatory status and CD4+/CD8+ intraepithelial tumor lymphocyte infiltration are predictors of outcomes in high-grade serous ovarian cancer.
31076549,Infiltration,patf,COEXISTS_WITH,Ovarian Carcinoma,neop,TIM-3 Dictates Functional Orientation of the Immune Infiltrate in Ovarian Cancer.
29843813,PDCD1 gene,aapp,ASSOCIATED_WITH,Ovarian Carcinoma,neop,Stratification of ovarian tumor pathology by expression of programmed cell death-1 (PD-1) and PD-ligand- 1 (PD-L1) in ovarian cancer.
29891489,PDCD1 gene,aapp,ASSOCIATED_WITH,Ovarian Carcinoma,neop,"Programmed cell death 1 and programmed cell death ligand 1 (PD-L1), which are key mediators of host immune tolerance, are associated with ovarian cancer progression."
29891489,PDCD1 gene,aapp,ASSOCIATED_WITH,Ovarian Carcinoma,neop,"Programmed cell death 1 and programmed cell death ligand 1 (PD-L1), which are key mediators of host immune tolerance, are associated with ovarian cancer progression."
29891489,PDCD1 gene,aapp,ASSOCIATED_WITH,Ovarian Carcinoma,neop,Recent evidence indicates the importance of IFNgamma-induced PD-L1 for immune tolerance in ovarian cancer.
30702189,PDCD1 gene,aapp,ASSOCIATED_WITH,Ovarian Carcinoma,neop,We herein report the pathophysiological and therapeutic impacts of PD-L1 disruption in ovarian cancer.
30702189,PDCD1 gene,aapp,DISRUPTS,Ovarian Carcinoma,neop,Programmed cell death ligand 1 disruption by clustered regularly interspaced short palindromic repeats/Cas9-genome editing promotes antitumor immunity and suppresses ovarian cancer progression.
30702189,PDCD1 gene,aapp,DISRUPTS,Ovarian Carcinoma,neop,"These results indicate that CRISPR/Cas9-mediated PD-L1 disruption on tumor cells promotes anti-tumor immunity by increasing tumor-infiltrating lymphocytes and modulating cytokine/chemokine profiles within the tumor microenvironment, thereby suppressing ovarian cancer progression."
29853601,Ovarian Carcinoma,neop,PRODUCES,Neoantigen,imft,"T-cell Responses to TP53 ""Hotspot"" Mutations and Unique Neoantigens Expressed by Human Ovarian Cancers."
29904979,Platinum,elii,ASSOCIATED_WITH,Ovarian Carcinoma,neop,PROBLEM: Development of platinum resistance in ovarian cancer is mediated by both cancer cells and tumor microenvironment.
29941482,T-Cell Receptor,aapp,ASSOCIATED_WITH,Ovarian Carcinoma,neop,"A novel pipeline for neoantigen-specific T-cell receptor (TCR) identification has been validated in ovarian cancer, making use of HLA-matched allogeneic healthy donor T cells."
30012146,Interferons,aapp,TREATS,Ovarian Carcinoma,neop,We have designed a standard 3?+?3 dose escalation study to explore the highest tolerated dose of interferons and monocytes infused IP in patients with chemotherapy resistant ovarian cancer.
30012146,Immunotherapy,topp,TREATS,Ovarian Carcinoma,neop,DISCUSSION: We have developed a novel immunotherapy focused on the innate immune system for the treatment of ovarian cancer.
30065096,Immunotherapy,topp,TREATS,Ovarian Carcinoma,neop,We studied the phenotype and function of tumor-infiltrating Treg cells in ovarian cancer and melanoma to identify potential Treg cell-associated molecules that can be targeted by tumor immunotherapies.
30582756,Immunotherapy,topp,TREATS,Ovarian Carcinoma,neop,Immunotherapies based on PD-1/PD-L1 pathway inhibitors in ovarian cancer treatment.
30582756,Immunotherapy,topp,TREATS,Ovarian Carcinoma,neop,Immunotherapies based on anti-programmed death 1/programmed death ligand 1 (PD-1/PD-L1) pathway inhibitors may turn out effective in ovarian cancer (OC) treatment.
30803719,Immunotherapy,topp,TREATS,Ovarian Carcinoma,neop,This finding may have therapeutic implications for OC patients treated with emerging immunotherapies.
31079799,Immunotherapy,topp,TREATS,Ovarian Carcinoma,neop,Immunotherapy in Ovarian Cancer.
31315674,Immunotherapy,topp,TREATS,Ovarian Carcinoma,neop,BACKGROUND: Cancer immunotherapies are emerging as promising treatment strategies for ovarian cancer patients that experience disease relapse following first line therapy.
31818495,Immunotherapy,topp,TREATS,Ovarian Carcinoma,neop,An autologous humanized patient-derived-xenograft platform to evaluate immunotherapy in ovarian cancer.
30049511,Body tissue,tisu,PART_OF,Ovarian Carcinoma,neop,"The levels of TNF-alpha, interluekin-6 (IL-6), NF-kappaB p65, CXCL16, and CXCR6 expression in the ovarian carcinoma tissues were higher than those in the precancerous tissues."
31049770,Body tissue,tisu,PART_OF,Ovarian Carcinoma,neop,The expression of miR-217 in ovarian cancerous tissues and cell lines were assessed by qRT-PCR.
31049770,Body tissue,tisu,PART_OF,Ovarian Carcinoma,neop,MiR-217 was found to be downregulated in ovarian cancerous tissues and cell lines.
31064389,Body tissue,tisu,PART_OF,Ovarian Carcinoma,neop,"RESULTS: We found that the percentages of gammadelta T cells and Vdelta1 T cells were significantly higher in OC tissues than BOT tissues and normal (N) ovarian tissues, while there were no obvious differences in peripheral blood."
31064389,Body tissue,tisu,PART_OF,Ovarian Carcinoma,neop,"Meanwhile, higher numbers of gammadelta T cells and Vdelta1 T cells were observed in OC tissues, and were positively related to advanced clinicopathological features of OC patients."
31064389,Body tissue,tisu,PART_OF,Ovarian Carcinoma,neop,Chemotaxis assay revealed that supernatants derived from OC tissues possessed a stronger capacity to attract and recruit gammadelta T cells.
31064389,Body tissue,tisu,PART_OF,Ovarian Carcinoma,neop,"However, gammadelta T cells sorted from OC tissues showed weakened cytotoxic activity against ovarian cancer cells, and gammadelta T cells cocultured with OC tissue supernatants could effectively inhibit the proliferative activity of naive CD4+ T cells."
31208993,Body tissue,tisu,PART_OF,Ovarian Carcinoma,neop,We use FusionPro to identify 18 fusion junction peptides and three potential fusion-derived peptides by MS/MS-based analysis of leukemia cell lines (Jurkat and K562) and ovarian cancer tissues from the Clinical Proteomic Tumor Analysis Consortium.
31533774,Body tissue,tisu,PART_OF,Ovarian Carcinoma,neop,"RESULTS: HOTTIP, IL-6 and PD-L1 were all highly expressed in OC tissues."
31533774,Body tissue,tisu,PART_OF,Ovarian Carcinoma,neop,A positive correlation was observed between IL-6 and PD-L1 and that between HOTTIP and IL-6 in OC tissues.
31753019,Body tissue,tisu,PART_OF,Ovarian Carcinoma,neop,Detectable BTLA expression in ovarian cancerous tissues was associated with worse disease-free and overall survivals of EOC patients.
31837336,Body tissue,tisu,PART_OF,Ovarian Carcinoma,neop,MAIN METHODS: The CIBERSORT algorithm was used to investigate immune cell infiltration in ovarian cancer tissues.
30095655,CD80 gene,gngm,ASSOCIATED_WITH,Ovarian Carcinoma,neop,Does B7-H4 expression correlate with clinicopathologic characteristics and survival in ovarian cancer?:
30095655,CD80 gene,gngm,ASSOCIATED_WITH,Ovarian Carcinoma,neop,"However, the role of B7-H4 expression in ovarian cancer remains unclear, and some studies reporting conflicting results."
30095655,CD80 gene,gngm,ASSOCIATED_WITH,Ovarian Carcinoma,neop,A systematic review of the literature and meta-analysis were conducted to assess the clinicopathologic characteristics and prognostic significance of B7-H4 in ovarian cancer.
30095655,CD80 gene,gngm,ASSOCIATED_WITH,Ovarian Carcinoma,neop,"CONCLUSION: B7-H4 expression was related to ovarian cancer, but not to patients' clinicopathologic characteristics."
30095655,CD80 gene,gngm,AUGMENTS,Ovarian Carcinoma,neop,BACKGROUND: Several studies have shown that B7-H4 expression is significantly increased in ovarian cancer.
30099907,Neoplasm,neop,COEXISTS_WITH,Ovarian Carcinoma,neop,CONCLUSION: Based on our results we assume that the tumor and/or its microenvironment in ovarian cancer may produce factors that can depress the phagocytic function of monocytes and granulocytes.
31278254,Neoplasm,neop,COEXISTS_WITH,Ovarian Carcinoma,neop,Tumor-driven immune suppression is a major barrier to successful immunotherapy in ovarian carcinomas (OvCa).
31492714,Neoplasm,neop,COEXISTS_WITH,Ovarian Carcinoma,neop,Prognostic significance of PD-1 and PD-L1 positive tumor-infiltrating immune cells in ovarian carcinoma.
31492714,Neoplasm,neop,COEXISTS_WITH,Ovarian Carcinoma,neop,CONCLUSION: Our results highlight the prognostic value of PD-1 and PD-L1 positive tumor-infiltrating immune cells in ovarian carcinoma.
31038546,Neoplasm,neop,AFFECTS,Ovarian Carcinoma,neop,The aim of this study was to evaluate the influence of artesunate on Th1 differentiation and its anti-tumor effect on ovarian cancer.
30104241,Paclitaxel,phsu,TREATS,Ovarian Carcinoma,neop,Gene expression analysis of tumor samples from patients with ovarian cancer before and after treatment with paclitaxel detected an enrichment of genes linked to the M1 macrophage activation profile (IFNgamma-stimulated macrophages).
30129640,Malignant Neoplasms,neop,COEXISTS_WITH,Ovarian Carcinoma,neop,"Given that the presence of tumor infiltrating lymphocytes is associated with prognosis and ovarian cancer is among the first cancers with an established association of immune cell infiltration, identification of the immune microenvironment in ovarian cancer is thought to be promising."
30207101,inhibitors,chvf,TREATS,Ovarian Carcinoma,neop,"It presents current data on nivolumab and other checkpoint-inhibitors in solid tumors and OC specifically and depicts important topics in the management of this novel substance group, such as side effect control, diagnostic PD-1/programmed cell death-ligand 1 (PD-L1) expression assessment and management of pseudoprogression."
30540933,inhibitors,chvf,TREATS,Ovarian Carcinoma,neop,PARP inhibitors have shown promising clinical activities for patients with BRCA mutations and are changing the landscape of ovarian cancer treatment.
31214202,inhibitors,chvf,TREATS,Ovarian Carcinoma,neop,"Despite the prognostic impact of TILs, response to checkpoint-inhibitors and antigen-specific active immunotherapy is limited in ovarian cancer."
30253459,Hysterectomy,topp,TREATS,Ovarian Carcinoma,neop,"The present report describes a 45-year-old woman with ovarian cancer who underwent hysterectomy, bilateral salpingo-oophorectomy, pelvic lymphadenectomy, para-aortic lymphadenectomy, and omentectomy."
30377203,"prostaglandin-endoperoxide synthase 2 (prostaglandin G/H synthase and cyclooxygenase), human",gngm,PREDISPOSES,Ovarian Carcinoma,neop,Anti-Inflammatory Drug Use and Ovarian Cancer Risk by COX1/COX2 Expression and Infiltration of Tumor-Associated Macrophages.
30421056,Lymph Node Dissection,topp,TREATS,Ovarian Carcinoma,neop,ASO Author Reflections: Systematic Lymph Node Dissection in Ovarian Cancer Under Attack.
30487062,MicroRNAs,bacs,ASSOCIATED_WITH,Ovarian Carcinoma,neop,Exosomal miRNA confers chemo resistance via targeting Cav1/p-gp/M2-type macrophage axis in ovarian cancer.
30646963,Genistein,bacs,ASSOCIATED_WITH,Ovarian Carcinoma,neop,This assisted GEN to be as a potential chemotherapeutic agent in human ovarian cancer.
30658847,cytokine,aapp,DISRUPTS,Ovarian Carcinoma,neop,RESULTS: CIML NK cells demonstrate enhanced cytokine (IFN-gamma) production and NK-cell-mediated killing of ovarian cancer.
31755326,cytokine,aapp,ASSOCIATED_WITH,Ovarian Carcinoma,neop,"The objectives of the study were to analyze the dosage of a cytokine panel (IL2, IL5, IL6, IL8, IL10, and TNF-alpha) in the peritoneal fluid and relate the dosage of these cytokines to prognostic para- meters and survival in ovarian cancer."
30933545,Solid tumor,neop,COEXISTS_WITH,Ovarian Carcinoma,neop,"With significant promises in melanoma and other solid tumors, ICPIs have also been evaluated in ovarian cancer (OC)."
31038546,Apoptosis,celf,PROCESS_OF,Ovarian Carcinoma,neop,"Artesunate promoted Th1 differentiation from CD4+ T cells by down-regulating Sirt1 through miR-142, thereby enhancing cell apoptosis in ovarian cancer."
31049770,Interleukin-6,aapp,ASSOCIATED_WITH,Ovarian Carcinoma,neop,MiR-217 Inhibits M2-Like Macrophage Polarization by Suppressing Secretion of Interleukin-6 in Ovarian Cancer.
31533774,Interleukin-6,aapp,ASSOCIATED_WITH,Ovarian Carcinoma,neop,METHODS: Positive expression of PD-L1 and IL-6 was determined using immunohistochemical staining in the collected OC and normal tissues.
31088836,Ovarian Carcinoma,neop,PROCESS_OF,Mus,mamm,DFMO and 5-Azacytidine Increase M1 Macrophages in the Tumor Microenvironment of Murine Ovarian Cancer.
31124639,Sentinel Lymph Node Mapping,diap,DIAGNOSES,Ovarian Carcinoma,neop,CONCLUSIONS: This review shows that evidence on SLNm in EOC is still scant.
31474589,Sentinel Lymph Node Mapping,diap,DIAGNOSES,Ovarian Carcinoma,neop,"Data detailing feasibility and outcomes of sentinel lymph node mapping in ovarian cancer are scarce.To summarize the studies evaluating the feasibility of sentinel lymph node detection from the ovary, examining the technique and detection rate.A systematic search of the literature was performed using PubMed and Embase from June 1991 to February 2019."
31474589,Sentinel Lymph Node Mapping,diap,DIAGNOSES,Ovarian Carcinoma,neop,"A variety of agents were used, but the primary markers were technetium-99m radiocolloid (Tc-99m), patent blue, or indocyanine green, and the most common injection site was the ovarian ligaments.The overall sentinel lymph node detection rate was 90.3%.We propose a standardized technique sentinel lymph node mapping in ovarian cancer, using indocyanine green, or Tc-99m and blue dye as alternative tracers, injected in both the suspensory and the infundibulopelvic ligament of the ovary."
31298603,CD4 gene,gngm,ASSOCIATED_WITH,Ovarian Carcinoma,neop,"The objectives of the study were to evaluate the expression of CD3, CD4, CD8 and CD20 in the peritumoral stroma of benign and malignant ovarian epithelial neoplasms and to relate them to prognostic factors in ovarian cancer."
31298603,CD8B1 gene,gngm,ASSOCIATED_WITH,Ovarian Carcinoma,neop,"The objectives of the study were to evaluate the expression of CD3, CD4, CD8 and CD20 in the peritumoral stroma of benign and malignant ovarian epithelial neoplasms and to relate them to prognostic factors in ovarian cancer."
31305893,Talc,inch,TREATS,Ovarian Carcinoma,neop,"Finding talc in pelvic tissues in women with ovarian carcinoma who have used talc is important in documenting exposure and assessing talc's biologic potential, but tissue-based morphology studies have been rarely reported."
31362125,Cytoreductive surgery,topp,TREATS,Ovarian Carcinoma,neop,Survival outcomes of ovarian cancer patients treated with secondary cytoreductive surgery for isolated lymph node recurrence: A systematic review of the literature.
31481452,Cytoreductive surgery,topp,TREATS,Ovarian Carcinoma,neop,CONCLUSIONS: Platelet-to-white blood cell ratio after cytoreductive surgery for ovarian cancer with splenectomy does not appear to have a strong predictive value in differentiating between sepsis and reactive splenectomy-induced changes.
31375592,Immunologic Adjuvants,imft,ASSOCIATED_WITH,Ovarian Carcinoma,neop,CPMV and eCPMV could each be developed as novel adjuvants to overcome immunosuppression and thus promote tumor regression in ovarian cancer (and other tumor types).
31388197,Interleukin-2,aapp,ASSOCIATED_WITH,Ovarian Carcinoma,neop,"Conclusion: Stromal IL-2 is associated with higher a neutrophil/lymphocyte ratio, suggesting a worse prognosis in ovarian cancer and its role in tumor immunology; a neutrophil/lymphocyte ratio > 2.6 is associated with more advanced stages of malignant ovarian neoplasia."
31432577,Interleukin-17,aapp,ASSOCIATED_WITH,Ovarian Carcinoma,neop,Interleukin-17 is associated with expression of programmed cell death 1 ligand 1 in ovarian carcinoma.
31432577,Interleukin-17,aapp,ASSOCIATED_WITH,Ovarian Carcinoma,neop,We investigated the role of IL-17 in the regulation of expression of programmed cell death 1 ligand 1 in ovarian cancer by evaluating changes in the number of IL-17-producing cluster of differentiation 4 helper T cells (Th17) and gammadeltaT cells (gammadeltaT17) in PBMC of 52 gynecological cancer patients (including 30 ovarian cancer patients) and 18 healthy controls.
31481452,Splenectomy,topp,TREATS,Ovarian Carcinoma,neop,METHODS: All consecutive patients with ovarian cancer who underwent splenectomy between January 2013 and October 2018 in two large European gynecological cancer centers were retrospectively evaluated.
31492714,Ovarian Carcinoma,neop,MANIFESTATION_OF,Menstruation,orgf,OBJECTIVE: To evaluate the prognostic significance of PD-1 and PD-L1 expression in tumor tissues from patients with ovarian cancer.
31492714,Ovarian Carcinoma,neop,MANIFESTATION_OF,Menstruation,orgf,OBJECTIVE: To evaluate the prognostic significance of PD-1 and PD-L1 expression in tumor tissues from patients with ovarian cancer.
31515669,Lymphocyte Specific Protein Tyrosine Kinase p56(lck),aapp,ASSOCIATED_WITH,Ovarian Carcinoma,neop,CONCLUSIONS: LCK is a better prognostic factor than CYT in ovarian cancer.
31537619,Tumor Necrosis Factor Ligand Superfamily Member 6,aapp,PART_OF,Ovarian Carcinoma,neop,"Although the intensity of CD3, CD8, CD4, CD20, and CD163 in tumor tissues remained constant regardless of membrane CD95L expression, tumors in patients with HGSOC with s-CD95L levels >=516 pg/mL showed increased infiltration by CD3+ T cells (P = 0.001), comprising both cytotoxic CD8+ (P = 0.01) and CD4+ (P = 0.0062) cells including FoxP3+ regulatory T cells (P = 0.0044)."
31537619,Tumor Necrosis Factor Ligand Superfamily Member 6,aapp,ASSOCIATED_WITH,Ovarian Carcinoma,neop,IMPLICATIONS: Serum s-CD95L is correlated with a number of tumor-infiltrating immune cells in HGSOC and could be used as a noninvasive marker of tumor immune infiltration to select patients referred for immunotherapy trials that evaluate checkpoint inhibitor treatment.
31570458,Excision,topp,TREATS,Ovarian Carcinoma,neop,BACKGROUND/AIM: Involvement of lymph nodes (LNs) and their surgical resection in low-grade ovarian cancer remains a field of discussion.
31575614,Peritoneum,bpoc,LOCATION_OF,Ovarian Carcinoma,neop,OBJECTIVES: To assess outcomes and patterns of recurrence in patients with high-grade serous ovarian/tubal/primary peritoneal cancers with radiographic supraclavicular lymphadenopathy at diagnosis.
31611650,CD80 Antigens,aapp,ASSOCIATED_WITH,Ovarian Carcinoma,neop,Tumor-expressed B7-H3 mediates the inhibition of antitumor T-cell functions in ovarian cancer insensitive to PD-1 blockade therapy.
31821542,Cisplatin,inch,ASSOCIATED_WITH,Ovarian Carcinoma,neop,"In summary, our findings suggest that the miR-145/c-Myc/PD-L1 axis contributes to cisplatin-resistance in ovarian cancer and support that miR-145 might act as an adjuvant therapeutic target in chemotherapy of ovarian cancer."
32268953,Biological Response Modifiers,phsu,TREATS,Ovarian Carcinoma,neop,CONCLUSION: In this review the pre-clinical evidence and current trials on NK cell immunotherapy in OC patients are summarized.
32294063,Turcot syndrome (disorder),dsyn,COEXISTS_WITH,Ovarian Carcinoma,neop,"Mismatch Repair Deficiency in Ovarian Carcinoma: Frequency, Causes, and Consequences."
32294063,Turcot syndrome (disorder),dsyn,COEXISTS_WITH,Ovarian Carcinoma,neop,"Mismatch Repair Deficiency in Ovarian Carcinoma: Frequency, Causes, and Consequences."
32384321,Ovarian Carcinoma,neop,COEXISTS_WITH,High grade serous carcinoma,neop,PD-L1 Expression and CD8+ Tumor-infiltrating Lymphocytes in Different Types of Tubo-Ovarian Carcinoma and Their Prognostic Value in High-grade Serous Carcinoma.
32384321,Ovarian Carcinoma,neop,COEXISTS_WITH,High grade serous carcinoma,neop,PD-L1 Expression and CD8+ Tumor-infiltrating Lymphocytes in Different Types of Tubo-Ovarian Carcinoma and Their Prognostic Value in High-grade Serous Carcinoma.The prevalence and significance of programmed death-1 ligand (PD-L1) expression in different types of tubo-ovarian carcinoma have not been well defined.
29055949,macrophage,cell,LOCATION_OF,cytokine,aapp,The cytokines detected in the tumor or tumor associated macrophage (TAM) were used to treat cancer cells.
29116089,T-Lymphocyte,cell,PRODUCES,Interleukin-2,aapp,"Mechanistically, loss of Ptpn22 increases the capacity of T cells to produce IL-2, which overcomes TGFbeta-mediated suppression."
30687337,T-Lymphocyte,cell,LOCATION_OF,Interleukin-2,aapp,"Furthermore, we assessed the expression of co-stimulatory and co-inhibitory molecules on T cells and non-immune cells in 10 ascites samples."
29137657,Neoplasm Metastasis,neop,PROCESS_OF,Woman,humn,"CASE PRESENTATION: A low grade endometrioid carcinoma, 9 cm in greatest dimension, with 35% invasion of the myometrial wall thickness, focal lymphovascular invasion, and metastases to 2 of 16 pelvic lymph nodes, was diagnosed in a 52-year-old woman."
32075897,Neoplasm Metastasis,neop,PROCESS_OF,Woman,humn,Women with grade 1-2 endometroid cancers (n=275) had no isolated metastases along the lower paracervical pathway compared with two women with high-risk histologies (n=148).
29137657,Secondary malignant neoplasm of lymph node,neop,ISA,Neoplasm,neop,"This case illustrates how routine immunohistochemistry can provide important insights into underlying molecular events in cancers, exemplifies an uncommon co-existence of DNA mismatch repair protein deficiency and p53-aberrant immunophenotype in low-grade endometrioid carcinoma, illustrates morphologic differences between p53-aberrant and p53-wild type areas within in the same tumor, and is an exemplar of the emerging theory that lymph node metastases of endometrial cancer may be comprised of different subclones of the primary tumor."
29150439,T-Lymphocyte,cell,LOCATION_OF,Apoptosis,celf,Suppression of FIP200 and autophagy by tumor-derived lactate promotes naive T cell apoptosis and affects tumor immunity.
29150439,T-Lymphocyte,cell,LOCATION_OF,Apoptosis,celf,"Mechanistically, loss of FIP200 disables the balance between proapoptotic and antiapoptotic Bcl-2 family members via enhanced argonaute 2 (Ago2) degradation, reduced Ago2 and microRNA1198-5p complex formation, less microRNA1198-5p maturation, and consequently abolished microRNA1198-5p-mediated repression on apoptotic gene Bak1 Bcl-2 overexpression and mitochondria complex I inhibition rescue T cell apoptosis and promoted tumor immunity."
31821542,T-Lymphocyte,cell,LOCATION_OF,Apoptosis,celf,"Here, we show that cisplatin-mediated miR-145 down-regulation increased PD-L1 expression via targeting c-Myc transcription factor, thereby inducing T cell apoptosis in vitro."
29185270,Positive Lymph Node,fndg,PROCESS_OF,Woman,humn,A total of 229 node-positive women with stage III ovarian HGSC who had undergone maximal or optimal cytoreductive surgery plus systematic lymphadenectomy followed by paclitaxel plus carboplatin combination chemotherapy were included.
30935714,Positive Lymph Node,fndg,PROCESS_OF,Woman,humn,METHODS: Using data from the SEER 18 Registries we identified 3650 women with LN positive (stage IIIC) EC.
31377459,Positive Lymph Node,fndg,PROCESS_OF,Woman,humn,"RESULTS: The LN Metastasis Risk Index correctly identified 35 of 40 LN-positive women at a cutoff point of 981.0 (sensitivity: 87.5%, specificity: 86.3%, negative predictive value: 98.2%, positive predictive value: 44.9%, positive likelihood ratio: 6.37, and negative likelihood ratio: 0.14)."
32075897,Positive Lymph Node,fndg,PROCESS_OF,Woman,humn,72% of all SLNs were typically positioned along the upper paracervical pathway (interiliac and/or proximal obturator fossa) and 71 of 75 (94.6%) of pelvic node positive women had at least one metastatic SLN at either of these positions.
29189263,CD80 Antigens,aapp,AFFECTS,"Tumor cells, malignant",cell,"Prior in vitro studies from other groups indicated that elevated B7-H4 expression by tumor cells blocks T-cell activation; therefore, it had been postulated to play a role in shielding cancer cells from immune surveillance and averting apoptotic programs."
29218796,Pharmacotherapy,topp,TREATS,Epithelial ovarian cancer,neop,Impact of neoadjuvant chemotherapy on the immune microenvironment in advanced epithelial ovarian cancer: Prognostic and therapeutic implications.
29301826,Pharmacotherapy,topp,TREATS,Epithelial ovarian cancer,neop,p53-Reactive T Cells Are Associated with Clinical Benefit in Patients with Platinum-Resistant Epithelial Ovarian Cancer After Treatment with a p53 Vaccine and Gemcitabine Chemotherapy.
31353053,Pharmacotherapy,topp,TREATS,Epithelial ovarian cancer,neop,Prospective pilot trial with combination of propranolol with chemotherapy in patients with epithelial ovarian cancer and evaluation on circulating immune cell gene expression.
31753019,Pharmacotherapy,topp,TREATS,Epithelial ovarian cancer,neop,The purpose of this study was to investigate the therapeutic potential of chemotherapy combined with inhibition of B and T lymphocyte attenuator (BTLA) for clinical use to treat EOC.
31753019,Pharmacotherapy,topp,TREATS,Epithelial ovarian cancer,neop,"Thus, the combination of chemotherapy and anti-BTLA antibody may hold potential clinical application for the treatment of EOC patients."
32173048,Pharmacotherapy,topp,TREATS,Epithelial ovarian cancer,neop,Neoadjuvant Chemotherapy (NACT) followed by Interval Debulking Surgery (IDS) is an accepted frontline treatment in patients with advanced Epithelial Ovarian Cancer (EOC).
32173048,Pharmacotherapy,topp,TREATS,Epithelial ovarian cancer,neop,55 patients with EOC treated with NACT were identified and 48 had complete clinical and pathological data.
32173048,Pharmacotherapy,topp,TREATS,Epithelial ovarian cancer,neop,"Our study confirms the predictive value of CRS in EOC patients treated with NACT and IDS, but also demonstrates the prognostic significance of lymphocytic infiltration as well as its possible interaction with bevacizumab treatment."
29218796,Pharmacotherapy,topp,TREATS,Advanced cancer,neop,This review will provide an update on the prognostic value of TIL subpopulations at diagnosis and a comprehensive overview of the recent studies evaluating the impact of neoadjuvant chemotherapy on TILs and their relationship to clinical outcome in advanced ovarian cancer.
30314669,Pharmacotherapy,topp,TREATS,Advanced cancer,neop,Expression of programmed cell death ligand 1 and immune checkpoint markers in residual tumors after neoadjuvant chemotherapy for advanced high-grade serous ovarian cancer.
30314669,Pharmacotherapy,topp,TREATS,Advanced cancer,neop,OBJECTIVE: To investigate the prognostic value of the expressions of programmed cell death ligand 1 (PD-L1) and immune checkpoint markers in residual tumors after neoadjuvant chemotherapy (NAC) for advanced high-grade serous ovarian cancer (HGSOC).
30483809,Pharmacotherapy,topp,NEG_AFFECTS,Advanced cancer,neop,"The management of advanced ovarian cancer is challenging due to the high frequency of recurrence, often associated with the development of resistance to platinum-based chemotherapy."
29239915,T cell therapy,topp,USES,"Receptors, Antigen",aapp,Preclinical Assessment of CAR T-Cell Therapy Targeting the Tumor Antigen 5T4 in Ovarian Cancer.
29651744,T cell therapy,topp,USES,"Receptors, Antigen",aapp,Prospects of chimeric antigen receptor T cell therapy in ovarian cancer.
29651744,T cell therapy,topp,USES,"Receptors, Antigen",aapp,"Recently, chimeric antigen receptor (CAR) T cell therapy has shown promising results in hematological tumors and current research is going on in various solid tumors like ovarian cancer."
29651744,T cell therapy,topp,USES,"Receptors, Antigen",aapp,"Initial studies of CAR T cell therapy have shown promising results in ovarian cancer, but there are some obstacles like impaired T cell trafficking, lack of antigenic targets, cytokine release syndrome and most important immunosuppressive tumor microenvironment."
29651744,T cell therapy,topp,USES,"Receptors, Antigen",aapp,"In this review article, we highlight the current knowledge regarding CAR T cell therapy in ovarian cancer."
30510550,T cell therapy,topp,USES,"Receptors, Antigen",aapp,"The lack of truly restricted and uniform expression of tumor-associated antigens, as well as limited T cell persistence and/or tumor trafficking pose major challenges for successful translation of CAR T cell therapy in solid tumors."
29301753,T-Lymphocyte,cell,PRODUCES,cytokine,aapp,"We report here that T cells pulsed with these tumor-associated exosomes during TCR-dependent activation inhibit various activation endpoints including translocation of NFkappaB and NFAT into the nucleus, upregulation of CD69 and CD107a, production of cytokines, and cell proliferation."
29307234,Epithelial ovarian cancer,neop,ISA,Malignant Neoplasms,neop,Epithelial ovarian cancer (EOC) is the most common cause of death among gynecological malignancies.
30485902,Epithelial ovarian cancer,neop,ISA,Malignant Neoplasms,neop,Epithelial ovarian cancer (EOC) is one of the major malignant cancers with high rates of early metastasis in which regulatory T cells (Tregs) play an important role.
31208030,Epithelial ovarian cancer,neop,ISA,Malignant Neoplasms,neop,Epithelial ovarian cancer (EOC) is the leading cause of death among gynecological malignancies.
29307234,T-Lymphocyte,cell,PRODUCES,T-Cell Receptor,aapp,"Chimeric associated antigens (CAR) T cells are T lymphocytes expressing an engineered T cell receptor that activate the immune response after an MHC unrestricted recognition of specific antigens, including tumor associated antigens (TAAs)."
31337659,T-Lymphocyte,cell,PRODUCES,T-Cell Receptor,aapp,"We then evaluated the ability of CD8 T cells engineered to express a high-affinity TCR specific for mesothelin, an ovarian cancer antigen, to infiltrate advanced ID8VEGF murine ovarian tumors and control tumor growth."
31221207,T-Lymphocyte,cell,LOCATION_OF,T-Cell Receptor,aapp,Genetic transfer of T-cell receptor (TCR) from these neoantigen-specific T-cell clones into peripheral blood T-cells was conducted to generate neoepitope-specific T-cells.
31221207,T-Lymphocyte,cell,LOCATION_OF,T-Cell Receptor,aapp,Gene-engineering with TCR from these neoantigen-specific T-cell clones conferred neoantigen-reactivity to peripheral T-cells.
29324541,Hysterectomy,topp,TREATS,Malignant neoplasm of endometrium,neop,Intrauterine Manipulator Use During Minimally Invasive Hysterectomy and Risk of Lymphovascular Space Invasion in Endometrial Cancer.
29324541,Hysterectomy,topp,TREATS,Malignant neoplasm of endometrium,neop,OBJECTIVE: This study aimed to examine an association between intrauterine manipulator (IUM) use and frequency of lymphovascular space invasion (LVSI) in women with endometrial cancer undergoing minimally invasive hysterectomy.
29324541,Hysterectomy,topp,TREATS,Malignant neoplasm of endometrium,neop,METHODS: A retrospective case-control study was conducted among stage I-IV endometrial cancer patients who underwent hysterectomy between 2008 and 2015.
29324541,Hysterectomy,topp,TREATS,Malignant neoplasm of endometrium,neop,RESULTS: There were 687 women who underwent hysterectomy for endometrial cancer.
32094021,Hysterectomy,topp,TREATS,Malignant neoplasm of endometrium,neop,METHODS: Women with endometrial cancer who underwent hysterectomy from 2004 to 2016 who were registered in the National Cancer Database were analyzed.
29324541,Malignant neoplasm of endometrium,neop,PROCESS_OF,Woman,humn,OBJECTIVE: This study aimed to examine an association between intrauterine manipulator (IUM) use and frequency of lymphovascular space invasion (LVSI) in women with endometrial cancer undergoing minimally invasive hysterectomy.
29516573,Malignant neoplasm of endometrium,neop,PROCESS_OF,Woman,humn,Prognostic factors and patterns of recurrence in lymphovascular space invasion positive women with stage IIIC endometriod endometrial cancer.
29516573,Malignant neoplasm of endometrium,neop,PROCESS_OF,Woman,humn,AIM: The purpose of this study was to determine the prognostic factors and patterns of failure in lymphovascular space invasion (LVSI)-positive women with stage IIIC endometrioid endometrial cancer (EC).
29516573,Malignant neoplasm of endometrium,neop,PROCESS_OF,Woman,humn,RESULTS: We identified 172 LVSI-positive women with stage IIIC endometrioid EC during the study period; 75 (43.6%) were classified as Stage IIIC1 and 97 (56.4%) as Stage IIIC2 .
29516573,Malignant neoplasm of endometrium,neop,PROCESS_OF,Woman,humn,"CONCLUSION: Uterine factors such as grade 3 disease, cervical stromal invasion and deep MMI seem to be independently associated with decreased OS in LVSI-positive women with stage IIIC endometrioid EC."
29770619,Malignant neoplasm of endometrium,neop,PROCESS_OF,Woman,humn,OBJECTIVE: The purpose of this study was to investigate the prognostic value of lymph node ratio (LNR) in women with stage IIIC endometrioid endometrial cancer (EC).
30419557,Malignant neoplasm of endometrium,neop,PROCESS_OF,Woman,humn,Risk Factors for Lymph Node Metastasis among Lymphovascular Space Invasion-Positive Women with Endometrioid Endometrial Cancer Clinically Confined to the Uterus.
30419557,Malignant neoplasm of endometrium,neop,PROCESS_OF,Woman,humn,INTRODUCTION: We aimed to assess risk factors for lymph node (LN) metastasis among lymphovascular space invasion(LVSI)-positive women with pure endometrioid endometrial cancer (EC) clinically confined to the uterus.
30935714,Malignant neoplasm of endometrium,neop,PROCESS_OF,Woman,humn,OBJECTIVES: To evaluate the prognostic impact of aortic vs. pelvic lymph node (LN) metastasis among women with endometrial cancer (EC).
30935714,Malignant neoplasm of endometrium,neop,PROCESS_OF,Woman,humn,"Women with non-endometrioid EC had poor survival, in particular, women with carcinosarcomas had higher EC-specific mortality compared to women with endometrioid EC (HR = 3.32, 95% CI = 2.71-4.07)."
30935714,Malignant neoplasm of endometrium,neop,PROCESS_OF,Woman,humn,"Women with non-endometrioid EC had poor survival, in particular, women with carcinosarcomas had higher EC-specific mortality compared to women with endometrioid EC (HR = 3.32, 95% CI = 2.71-4.07)."
30935714,Malignant neoplasm of endometrium,neop,PROCESS_OF,Woman,humn,CONCLUSION: Women with aortic LN positive EC are more likely to die from their disease.
31840873,Malignant neoplasm of endometrium,neop,PROCESS_OF,Woman,humn,An ultrasound-based risk model to predict lymph node metastases before surgery in women with endometrial cancer: a model development study.
31840873,Malignant neoplasm of endometrium,neop,PROCESS_OF,Woman,humn,"An ultrasound-based risk model to predict lymph node metastases before surgery in women with endometrial cancer: a model development study.OBJECTIVES: To develop a pre-operative risk model using endometrial biopsy results, clinical and ultrasound variables to predict the individual risk of lymph node metastases in women with endometrial cancer."
31840873,Malignant neoplasm of endometrium,neop,PROCESS_OF,Woman,humn,"An ultrasound-based risk model to predict lymph node metastases before surgery in women with endometrial cancer: a model development study.OBJECTIVES: To develop a pre-operative risk model using endometrial biopsy results, clinical and ultrasound variables to predict the individual risk of lymph node metastases in women with endometrial cancer."
31840873,Malignant neoplasm of endometrium,neop,PROCESS_OF,Woman,humn,METHODS: A mixed effects logistic regression model was developed on 1501 prospectively included women with endometrial cancer subjected to transvaginal ultrasound examination before surgery.
31840873,Malignant neoplasm of endometrium,neop,PROCESS_OF,Woman,humn,"CONCLUSIONS: Based on endometrial biopsy results, clinical and ultrasound characteristics, the individual risk of lymph node metastases in women with endometrial cancer can be reliably estimated before surgery."
32075897,Malignant neoplasm of endometrium,neop,PROCESS_OF,Woman,humn,METHODS: Data on mapping rates and locations of pelvic SLNs (metastatic and non-metastatic) from two previous prospective SLN studies in women with endometrial cancer were retrieved.
32094021,Malignant neoplasm of endometrium,neop,PROCESS_OF,Woman,humn,METHODS: Women with endometrial cancer who underwent hysterectomy from 2004 to 2016 who were registered in the National Cancer Database were analyzed.
32139150,Malignant neoplasm of endometrium,neop,PROCESS_OF,Woman,humn,The objective of this study was to evaluate the risk of pelvic lymph node (LN) metastasis in young women with EC who are candidates for conservative management.
32204935,Malignant neoplasm of endometrium,neop,PROCESS_OF,Woman,humn,"METHODS: 758 women diagnosed with EC, and a 5-years follow-up, were enrolled: they were divided into the ESMO-ESGO-ESTRO risk classes (low LR, intermediate IR, intermediate-high I-HR, and highrisk HR) and surgically treated as recommended, followed by adjuvants therapies when appropriate."
29334771,Immunotherapy,topp,USES,"Receptors, Antigen",aapp,"However, CAR-based immunotherapies have been much less successful in solid cancers, in part due to ""on-target off-tumor"" toxicity related to expression of target tumor antigens on normal tissue."
29335711,BRCA1 gene,gngm,PART_OF,Leukocytes,cell,White Blood Cell BRCA1 Promoter Methylation Status and Ovarian Cancer Risk: A Perspective.
29335712,BRCA1 gene,gngm,PART_OF,Leukocytes,cell,White Blood Cell BRCA1 Promoter Methylation Status and Ovarian Cancer Risk.
29335712,BRCA1 gene,gngm,PART_OF,Leukocytes,cell,"White blood cell (WBC) BRCA1 promoter methylation was determined by using methylation-specific quantitative polymerase chain reaction, and the percentage of methylation-positive samples was compared between population control participants and patients with ovarian cancer, including the subgroup with high-grade serous ovarian cancer (HGSOC)."
29357823,Malignant neoplasm of lung,neop,ISA,Neoplasm,neop,"BACKGROUND: Patients with highly mutated tumors, such as melanoma or smoking-related lung cancer, have higher rates of response to immune checkpoint blockade therapy, perhaps due to increased neoantigen expression."
29357823,Neoantigen,imft,CAUSES,Malignant neoplasm of lung,neop,"BACKGROUND: Patients with highly mutated tumors, such as melanoma or smoking-related lung cancer, have higher rates of response to immune checkpoint blockade therapy, perhaps due to increased neoantigen expression."
29380107,Operative Surgical Procedures,topp,TREATS,Advanced cancer,neop,Prognostic role of mesenteric lymph nodes involvement in patients undergoing posterior pelvic exenteration during radical or supra-radical surgery for advanced ovarian cancer.
29380107,Operative Surgical Procedures,topp,TREATS,Advanced cancer,neop,METHODS: A total of 429 patients with AOC underwent surgery between December 2007 and May 2017.
29380107,Operative Surgical Procedures,topp,TREATS,Advanced cancer,neop,We included in the study 83 patients who had primary (PDS) or interval debulking surgery (IDS) for AOC with bowel resection.
29380107,Operative Surgical Procedures,topp,TREATS,Advanced cancer,neop,The absence of residual disease after surgery is an independent prognostic factor; to achieve this result should be recommended a radical bowel resection during debulking surgery for AOC with bowel involvement.
30086572,Operative Surgical Procedures,topp,TREATS,Advanced cancer,neop,The indication for surgery is controversial in patients with advanced ovarian cancer and fluorodeoxyglucose (FDG)-avid mediastinal lymph nodes.
30411170,Operative Surgical Procedures,topp,TREATS,Advanced cancer,neop,"Although systematic pelvic and paraaortic lymphadenectomy is being questioned in patients with advanced ovarian cancer and clinically negative lymph nodes undergoing complete primary debulking surgery, this procedure is still recommended."
29432972,Lymph node excision,topp,AFFECTS,Advanced cancer,neop,The effect of lymphadenectomy in advanced ovarian cancer according to residual tumor status: A population-based study.
30411170,Lymph node excision,topp,TREATS,Advanced cancer,neop,"Although systematic pelvic and paraaortic lymphadenectomy is being questioned in patients with advanced ovarian cancer and clinically negative lymph nodes undergoing complete primary debulking surgery, this procedure is still recommended."
30850437,Lymph node excision,topp,TREATS,Advanced cancer,neop,OBJECTIVE: The role of selective lymphadenectomy at the time of interval debulking surgery in patients with advanced ovarian cancer remains a topic of debate.
30853443,Lymph node excision,topp,TREATS,Advanced cancer,neop,No benefit of lymphadenectomy for advanced ovarian cancer.
32527112,Lymph node excision,topp,TREATS,Advanced cancer,neop,Can lymphadenectomy be omitted in advanced ovarian cancer?
32527112,Lymph node excision,topp,TREATS,Advanced cancer,neop,Can lymphadenectomy be omitted in advanced ovarian cancer?
32527112,Lymph node excision,topp,TREATS,Advanced cancer,neop,"A brief review.The indication of systematic lymphadenectomy in advanced ovarian cancer without apparent macroscopic lymph node involvement has been controversial over the past three decades, and the recommendation to perform it or not has been based on multiple retrospective studies, small cohort studies, and few randomized studies with several biases; however, it seems that this controversy has come to an end after the recent publication of a randomized clinical trial."
32527112,Lymph node excision,topp,TREATS,Advanced cancer,neop,"Nowadays, we can confidently state that systematic lymphadenectomy in patients with advanced ovarian cancer without clinically apparent nodal disease is not necessary, and the presence of macroscopic retroperitoneal lymph node disease should be resected as part of cytoreductive surgery since it will be this and the residual disease that determine the prognosis of the patients."
29485423,Biological Response Modifiers,phsu,TREATS,"Cystadenocarcinoma, Serous",neop,Targetable Immune Regulatory Molecule Expression in High-Grade Serous Ovarian Carcinomas in African American Women: A Study of PD-L1 and IDO in 112 Cases From the African American Cancer Epidemiology Study (AACES).
29485423,"Cystadenocarcinoma, Serous",neop,PROCESS_OF,Woman,humn,Targetable Immune Regulatory Molecule Expression in High-Grade Serous Ovarian Carcinomas in African American Women: A Study of PD-L1 and IDO in 112 Cases From the African American Cancer Epidemiology Study (AACES).
29485423,"Cystadenocarcinoma, Serous",neop,PROCESS_OF,Woman,humn,African American women with high-grade serous ovarian carcinoma have worse outcomes compared with women of European descent.
29485423,PDCD1 gene,aapp,ASSOCIATED_WITH,"Cystadenocarcinoma, Serous",neop,"Using cases from the largest study of African American women with ovarian cancer, the African American Cancer Epidemiology Study, we characterized PD-L1 and IDO expression in 112 high-grade serous ovarian carcinomas."
29529474,Operative Surgical Procedures,topp,TREATS,Malignant neoplasm of endometrium,neop,"STUDY DESIGN: We retrospectively evaluated the charts of presumed, clinical stage I endometrial cancer patients who underwent robotic-assisted surgery that incorporated mapping with ICG and SLN dissection from January 2016 until February 2017."
30411170,Operative Surgical Procedures,topp,TREATS,Malignant neoplasm of endometrium,neop,Surgery is the mainstay of the treatment of endometrial cancer.
30419557,Operative Surgical Procedures,topp,TREATS,Malignant neoplasm of endometrium,neop,METHODS: Medical records of women who underwent primary surgery for EC between 2007 and 2016 at either of 2 gynecological oncology centers were retrospectively reviewed.
29545564,"Lymphocytes, Tumor-Infiltrating",cell,LOCATION_OF,Neoplasm,neop,"Our results imply that identification of neo-epitope specific CD8+ T cells is achievable even in tumors with relatively low number of somatic mutations, and neo-epitope validation in TILs extends opportunities for mutanome-based personalized immunotherapies to such tumors."
31940588,"Lymphocytes, Tumor-Infiltrating",cell,LOCATION_OF,Neoplasm,neop,"METHODS: We established ex vivo tumor cultures freshly derived from patients with advanced OVCA and evaluated the effects of Ad5/3-E2F-D24-hTNFa-IRES-hIL2 or Ad5/3-E2F-D24 (the control virus without TNFa and IL-2) on TILs, cytokine response and tumor viability."
29554604,Lymph node excision,topp,TREATS,Malignant neoplasm of endometrium,neop,OBJECTIVE: Sentinel node mapping is emerging as the alternative to lymphadenectomy in endometrial cancer.
31256231,Lymph node excision,topp,TREATS,Malignant neoplasm of endometrium,neop,PURPOSE: The potential therapeutic benefits of lymphadenectomy in endometrial cancer (EC) patients are still ambiguous.
31256231,Lymph node excision,topp,TREATS,Malignant neoplasm of endometrium,neop,"Multivariate analysis indicated that lymphadenectomy was an independent predictor of improved OS in early-stage type 1 EC patients, with hazard ratios of 0.893 and 0.827 for the grade 1 and grade 2 patients, respectively (P < 0.0001)."
31377459,Lymph node excision,topp,TREATS,Malignant neoplasm of endometrium,neop,OBJECTIVE: The purpose of this study was to develop a risk assessment index that could determine which endometrioid endometrial cancer (EC) patients would benefit from a lymphadenectomy.
31377459,Lymph node excision,topp,TREATS,Malignant neoplasm of endometrium,neop,"METHODS: The final pathology reports of 353 women who underwent complete surgical staging, including pelvic and para-aortic lymphadenectomy, for endometrioid EC between January 2008 and June 2018 were retrospectively reviewed."
29574275,Ovarian cancer metastatic,neop,PROCESS_OF,Mus,mamm,"In order to further enhance the therapeutic efficacy, anti-CD73 and anti-OX40 immunostimulants were combined with mCTH-ANXA5, resulting in an increase of survival by 100% from 12 to 24 days post-therapy and decrease tumor burden in mice with orthotopic metastatic ovarian cancer."
29587273,Operative Surgical Procedures,topp,TREATS,Epithelial ovarian cancer,neop,METHODS: A total of 370 stage IIIC EOC patients who underwent primary debulking surgery (PDS) at the Department of Gynecology of Liaoning Cancer Hospital and Institute between January 2003 and August 2016 and had full information were involved.
29651744,T cell therapy,topp,TREATS,Hematologic Neoplasms,neop,"Recently, chimeric antigen receptor (CAR) T cell therapy has shown promising results in hematological tumors and current research is going on in various solid tumors like ovarian cancer."
30510550,T cell therapy,topp,TREATS,Hematologic Neoplasms,neop,Impressive clinical efficacy of chimeric antigen receptor (CAR)-engineered T cell therapy for hematological malignancies have prompted significant efforts in achieving similar responses in solid tumors.
29725336,Hematologic Neoplasms,neop,NEG_AFFECTS,Solid tumor,neop,"Here, unique anti-tumor properties of tribody [(HER2)2xCD16] are identified which beyond addressing HER2 overexpressing solid tumors may allow to treat with similar immunoconstructs combined with the adoptive transfer of gammadelta T cells and NK cells refractory hematological malignancies."
32268953,Hematologic Neoplasms,neop,COEXISTS_WITH,Solid tumor,neop,The therapeutic value of allogeneic NK cells has been first observed in hematological cancers and is increasingly being explored in solid tumors.
29772069,Neoantigen,imft,DISRUPTS,"Tumor cells, malignant",cell,"Such mutations, or neoantigens, could potentially serve as specific immune targets for T-cell-mediated destruction of cancer cells."
29785550,Lymph node excision,topp,TREATS,Epithelial ovarian cancer,neop,"We identified patients with epithelial ovarian carcinoma of serous, endometrioid and mucinous histology apparently confined to the ovary who underwent extensive lymphadenectomy (defined as at least 20 lymph nodes removed)."
29802738,"Tumor cells, malignant",cell,LOCATION_OF,Chemokine (C-C Motif) Ligand 4,aapp,"We showed that MEIS1 induces the expression of CCL18, CCL4, CXCL7, CCL5, CXCL1, and IL8 chemokines in cancer cells followed by their secretion in the culture medium ultimately triggering CD8+ T-lymphocyte recruitment in vitro."
29843813,Paget's Disease,neop,COEXISTS_WITH,Neoplasm,neop,"Moreover, PD-L1 was expressed significantly more often in high grade tumors (41.5%) than in low grade tumors of patients (7.7%) (P?=?0.040)."
29843813,Paget's Disease,neop,COEXISTS_WITH,Neoplasm,neop,"The presence of CD3 or of FoxP3 infiltrating cells with PD-L1 in patient tumors did not impact the significance of the association of PD-L1 with high grade tumors (P?=?0.040), and our analyses did not show an association between the presence of PD-1 or PD-L1 and survival."
29854854,Paget's Disease,neop,ISA,Neoplasm,neop,Positive tumor PD-L1 expression was detected in 9 (25.7%) KTs from gastric carcinomas (GCs) and in 20 (66.7%) KTs from colorectal carcinomas (CRCs).
29854854,Paget's Disease,neop,ISA,Neoplasm,neop,Positive tumor PD-L1 expression in KTs from GCs was associated with poor prognosis.
29854854,Paget's Disease,neop,ISA,Neoplasm,neop,"In contrast, positive tumor PD-L1 expression in KTs from CRCs was associated with an improved prognosis."
29843813,Neoplasm,neop,COEXISTS_WITH,Paget's Disease,neop,"The presence of CD3 or of FoxP3 infiltrating cells with PD-L1 in patient tumors did not impact the significance of the association of PD-L1 with high grade tumors (P?=?0.040), and our analyses did not show an association between the presence of PD-1 or PD-L1 and survival."
29853601,Ovarian cancer metastatic,neop,PROCESS_OF,Woman,humn,"Results: Seven women with metastatic ovarian cancer were evaluated, and 5 patients had clear, dominant T-cell responses to mutated neoantigens, which were corroborated by comparison with the wild-type sequence, identification of the minimal epitope, human leukocyte antigen (HLA) restriction element(s), and neoantigen-specific T-cell receptor(s)."
29879497,"Cystadenocarcinoma, Serous",neop,ISA,Malignant Neoplasms,neop,High-grade serous ovarian carcinoma (HGSOC) is one of the most lethal gynecologic malignancies.
30306591,"Cystadenocarcinoma, Serous",neop,ISA,Malignant Neoplasms,neop,Most of these malignancies are high-grade serous carcinomas (HGSC).
29899393,CD8B1 gene,gngm,ASSOCIATED_WITH,ovarian neoplasm,neop,"RESULTS: A prominent significant transcriptomic over-representation of CD8+ and Treg cells was found in anti-Yo PCD OT, as compared to the OT control."
29904979,Platinum,elii,ASSOCIATED_WITH,Crosstalk,inpo,We aimed to study how platinum resistance influences the crosstalk between macrophages and ovarian cancer cells.
29975960,Lymph node excision,topp,TREATS,Secondary malignant neoplasm of lymph node,neop,"RESULTS: Of 163 patients, 21 (12.9%) had lymph node metastasis, whereas 16 (16.3%) of 98 patients who underwent comprehensive lymphadenectomy had lymph node metastasis."
30039427,"Lymphocytes, Tumor-Infiltrating",cell,PRODUCES,cytokine,aapp,Ex vivo expanded tumour-infiltrating lymphocytes from ovarian cancer patients release anti-tumour cytokines in response to autologous primary ovarian cancer cells.
30039427,"Lymphocytes, Tumor-Infiltrating",cell,PRODUCES,cytokine,aapp,"Expanded TILs produced anti-tumour cytokines when co-cultured with autologous tumour cells, inferring tumour cytotoxicity."
30049288,Leukocytes,cell,LOCATION_OF,BRCA1 gene,gngm,Methylation of BRCA1 and MGMT genes in white blood cells are transmitted from mothers to daughters.
30348217,Leukocytes,cell,LOCATION_OF,BRCA1 gene,gngm,Methylation of BRCA1 and MGMT genes in white blood cells are transmitted from mothers to daughters.
30082067,"Receptors, Antigen",aapp,AUGMENTS,Neoplasm,neop,Human iPSC-Derived Natural Killer Cells Engineered with Chimeric Antigen Receptors Enhance Anti-tumor Activity.
30099907,Neoplasm,neop,COEXISTS_WITH,Advanced cancer,neop,AIM: Our aim was to investigate whether the phagocytic activity of peripheral monocytes and neutrophil granulocytes is affected by the removal of tumor in advanced ovarian cancer.
30104241,Paclitaxel,phsu,ISA,Antineoplastic Agents,phsu,Paclitaxel is an antineoplastic agent widely used to treat several solid tumor types.
30194007,Platinum,elii,NEG_AFFECTS,"Lymphocytes, Tumor-Infiltrating",cell,Nucleotide excision repair protein ERCC1 and tumour-infiltrating lymphocytes are potential biomarkers of neoadjuvant platinum resistance in high grade serous ovarian cancer.
30269772,Peritoneum,bpoc,LOCATION_OF,Carcinomatosis,neop,"[Protocol for the examination of surgical specimens from patients with peritoneal carcinomatosis originating in ovary, fallopian tube and peritoneum]."
31322193,Peritoneum,bpoc,LOCATION_OF,Carcinomatosis,neop,Interleukin-33 expression in ovarian cancer and its possible suppression of peritoneal carcinomatosis.
31322193,Peritoneum,bpoc,LOCATION_OF,Carcinomatosis,neop,Refractory peritoneal carcinomatosis is a common terminal feature of epithelial ovarian cancer (EOC).
31322193,Peritoneum,bpoc,LOCATION_OF,Carcinomatosis,neop,"In this study, we focused on the association between the tumor expression of IL-33 and ovarian peritoneal carcinomatosis."
31322193,Peritoneum,bpoc,LOCATION_OF,Carcinomatosis,neop,We used an immunosufficient murine model of peritoneal carcinomatosis and human EOC samples.
31322193,Peritoneum,bpoc,LOCATION_OF,Carcinomatosis,neop,Further investigation of the antitumorigenic role of IL-33 may aid in the development of more effective therapeutic approaches for the treatment of EOC with peritoneal carcinomatosis.
32111730,Peritoneum,bpoc,LOCATION_OF,Carcinomatosis,neop,"Novel, genetically induced mouse model that recapitulates the histological morphology and immunosuppressive tumor microenvironment of metastatic peritoneal carcinomatosis."
32111730,Peritoneum,bpoc,LOCATION_OF,Carcinomatosis,neop,"Novel, genetically induced mouse model that recapitulates the histological morphology and immunosuppressive tumor microenvironment of metastatic peritoneal carcinomatosis.BACKGROUND: Peritoneal carcinomatosis is a hallmark of advanced peritoneal tumor progression, particularly for tubal/ovarian high-grade serous carcinomas (HGSCs)."
32111730,Peritoneum,bpoc,LOCATION_OF,Carcinomatosis,neop,Patients with peritoneal carcinomatosis have poor survival rates and are difficult to treat clinically due to widespread tumor dissemination in the peritoneal cavity.
32111730,Peritoneum,bpoc,LOCATION_OF,Carcinomatosis,neop,"CONCLUSIONS: Overall, our tumor model recapitulates clinical peritoneal HGSC metastasis, which makes it ideal for preclinical drug screening, testing of immunotherapy-based therapeutics and studying of the tumor biology of peritoneal carcinomatosis."
32145749,Peritoneum,bpoc,LOCATION_OF,Carcinomatosis,neop,Peritoneal carcinomatosis (PC) and cardio phrenic lymph nodes (CPLN) are pathological findings of computed tomography (CT) and are relevant for surgical planning.
32145749,Peritoneum,bpoc,LOCATION_OF,Carcinomatosis,neop,"However, it is not known if PC, CPLN, and BD are associated with aggressive OC subtypes and impaired OC survival."
32145749,Peritoneum,bpoc,LOCATION_OF,Carcinomatosis,neop,"An objective approach (based on imaging) to scoring peritoneal carcinomatosis in ovarian cancer could help surgeons and oncologists to optimize surgical planning, treatment, and care."
30269869,Excision,topp,TREATS,Advanced cancer,neop,Left cardiophrenic lymph node resection for advanced ovarian cancer with adhesion to the thoracic cavity.
30371564,Excision,topp,TREATS,Advanced cancer,neop,Intraoperative Ultrasound-Guided Excision of Cardiophrenic Lymph Nodes in an Advanced Ovarian Cancer Patient.
30289149,Ovarian Tissue,tisu,PART_OF,Malignant Neoplasms,neop,We could confirm that APOBEC3B mRNA is upregulated in ovarian cancer cell lines and in ovarian cancer tissue.
32093885,Ovarian Tissue,tisu,PART_OF,Malignant Neoplasms,neop,METHODS: RT-PCR and immunohistochemistry were used to measure the expression level of IL-17A in human OC tissues.
32093885,Ovarian Tissue,tisu,PART_OF,Malignant Neoplasms,neop,"Flow cytometric analysis demonstrated that significantly higher proportions of tumor-infiltrating IL-17A-producing CD4     +       T cells (Th17), CD8     +       T cells (Tc17), and gammadeltaT cells (IL-17     +       gammadeltaT) were present in OC tissue compared with BOT tissue."
32329191,Ovarian Tissue,tisu,PART_OF,Malignant Neoplasms,neop,"In the present study, ALKBH5 showed higher expression in ovarian cancer tissue than in normal ovarian tissue, but lower expression in ovarian cancer cell lines than in normal ovarian cell lines."
32590296,Ovarian Tissue,tisu,PART_OF,Malignant Neoplasms,neop,"Consistently, high expression of CLEC9A in OvC tissue (The Cancer Genome Atlas data set) indicated a better overall survival."
30291344,inhibitors,chvf,TREATS,Advanced cancer,neop,These results suggest that screening strategies to select only microsatellite instability-high advanced endometrial cancers for checkpoint inhibitor therapy might exclude patients who could potentially benefit from this therapeutic approach.
30306591,Ovary,bpoc,LOCATION_OF,Malignant Neoplasms,neop,"Cancer of the ovary, fallopian tube, and peritoneum."
30306591,Ovaro-,bpoc,LOCATION_OF,Neoplasm,neop,Stage IC is now divided into three categories: IC1 (surgical spill); IC2 (capsule ruptured before surgery or tumor on ovarian or fallopian tube surface); and IC3 (malignant cells in the ascites or peritoneal washings).
30306591,Stroma,bpoc,LOCATION_OF,Malignant Neoplasms,neop,"This review summarizes the genetics, surgical management, chemotherapy, and targeted therapies for epithelial cancers, and the treatment of ovarian germ cell and stromal malignancies."
30353652,cytokine,aapp,STIMULATES,macrophage,cell,"RNA profiling identified cytokines linked to cell motility and migration as the most conspicuous class of LPA-induced genes in macrophages, suggesting that LPA exerts protumorigenic properties at least in part via the tumor secretome."
30396909,MicroRNAs,bacs,ASSOCIATED_WITH,Epithelial ovarian cancer,neop,Exosomes Released from Tumor-Associated Macrophages Transfer miRNAs That Induce a Treg/Th17 Cell Imbalance in Epithelial Ovarian Cancer.
30770776,MicroRNAs,bacs,ASSOCIATED_WITH,Epithelial ovarian cancer,neop,BACKGROUND: How exosomal microRNAs (miRNAs) derived from macrophages contribute to the development of drug resistance in the context of the hypoxic tumor microenvironment in epithelial ovarian cancer (EOC) remains poorly understood.
30396909,Body tissue,tisu,LOCATION_OF,Epithelial ovarian cancer,neop,"In this study, the Treg/Th17 ratio was significantly higher in EOC in situ and in metastatic peritoneal tissues than in benign ovarian tumors and benign peritoneum."
31208449,Body tissue,tisu,PART_OF,Epithelial ovarian cancer,neop,METHODS: Tissue microarrays were constructed from ovarian epithelial cancer tissues of 248 patients and PD-L1 immunostaining was performed using the SP263 clone.
30396909,MicroRNAs,bacs,ADMINISTERED_TO,T-Lymphocyte,cell,"When the two miRNA mimics were transfected into CD4+ T cells, they directly suppressed STAT3 and regulated Treg/Th17 cells, inducing an imbalance, and they had a synergistic effect on STAT3 inhibition."
30419557,Secondary malignant neoplasm of lymph node,neop,PROCESS_OF,Woman,humn,Risk Factors for Lymph Node Metastasis among Lymphovascular Space Invasion-Positive Women with Endometrioid Endometrial Cancer Clinically Confined to the Uterus.
30935714,Secondary malignant neoplasm of lymph node,neop,PROCESS_OF,Woman,humn,OBJECTIVES: To evaluate the prognostic impact of aortic vs. pelvic lymph node (LN) metastasis among women with endometrial cancer (EC).
31840873,Secondary malignant neoplasm of lymph node,neop,PROCESS_OF,Woman,humn,An ultrasound-based risk model to predict lymph node metastases before surgery in women with endometrial cancer: a model development study.
31840873,Secondary malignant neoplasm of lymph node,neop,PROCESS_OF,Woman,humn,"An ultrasound-based risk model to predict lymph node metastases before surgery in women with endometrial cancer: a model development study.OBJECTIVES: To develop a pre-operative risk model using endometrial biopsy results, clinical and ultrasound variables to predict the individual risk of lymph node metastases in women with endometrial cancer."
31840873,Secondary malignant neoplasm of lymph node,neop,PROCESS_OF,Woman,humn,"An ultrasound-based risk model to predict lymph node metastases before surgery in women with endometrial cancer: a model development study.OBJECTIVES: To develop a pre-operative risk model using endometrial biopsy results, clinical and ultrasound variables to predict the individual risk of lymph node metastases in women with endometrial cancer."
31840873,Secondary malignant neoplasm of lymph node,neop,PROCESS_OF,Woman,humn,"RESULTS: Lymphadenectomy was performed in 691 women, of which 127 had lymph node metastases."
31840873,Secondary malignant neoplasm of lymph node,neop,PROCESS_OF,Woman,humn,"CONCLUSIONS: Based on endometrial biopsy results, clinical and ultrasound characteristics, the individual risk of lymph node metastases in women with endometrial cancer can be reliably estimated before surgery."
32139150,Secondary malignant neoplasm of lymph node,neop,PROCESS_OF,Woman,humn,The objective of this study was to evaluate the risk of pelvic lymph node (LN) metastasis in young women with EC who are candidates for conservative management.
30445188,Sentinel Lymph Node Mapping,diap,DIAGNOSES,Endometrial Carcinoma,neop,Comparison Study of Laparoscopic Sentinel Lymph Node Mapping in Endometrial Carcinoma Using Carbon Nanoparticles and Lymphatic Pathway Verification.
30476676,"Carcinoma, Endometrioid",neop,PROCESS_OF,Woman,humn,A 45-years-old woman was diagnosed with a grade 2 endometrioid carcinoma of the endometrium.
31197557,"Carcinoma, Endometrioid",neop,PROCESS_OF,Woman,humn,"RESULTS: In our cohort, 47 women (46.5%) had endometrioid carcinomas and 54 patients (53.5%) were diagnosed with non-endometrioid cancers."
31892416,"Carcinoma, Endometrioid",neop,PROCESS_OF,Woman,humn,RESULTS: The first case is a 51 year old woman with grade III endometrioid adenocarcinoma of uterus who was subjected to laparoscopic staging (laparoscopic hysterectomy + BSO + pelvic and paraaortic lymphadenectomy).
30482746,Tumor Antigens,orch,AUGMENTS,T-Lymphocyte,cell,"Remarkably, the low-affinity OT-3 T cells were only activated by tumor-derived antigen and mediated transient regression of ID8-OVA tumors without concomitant autoimmunity."
30483809,cytokine,aapp,ASSOCIATED_WITH,Crosstalk,inpo,"Cytokines and chemokines mediate the cross-talk between cancer and immune cells, and therefore, present as potential biomarkers, reflecting the tumor microenvironment."
30485902,cytokine,aapp,ASSOCIATED_WITH,Epithelial ovarian cancer,neop,The immune inhibitory effect of Tregs functions by maintaining high levels of immunosuppressive cytokines in EOC.
30508211,CA-125 Antigen,carb,PREDISPOSES,Secondary malignant neoplasm of lymph node,neop,The preoperative serum CA125 can predict the lymph node metastasis in endometrioid-type endometrial cancer.
30508211,CA-125 Antigen,carb,PREDISPOSES,Secondary malignant neoplasm of lymph node,neop,"For older patients, CA125 level of > 16 IU/ml could be used to predict LNM."
30630888,CA-125 Antigen,carb,PREDISPOSES,Secondary malignant neoplasm of lymph node,neop,"RESULTS: Univariate analysis revealed risk factors for lymph node metastasis to be a large tumor size (volume index >=40 cm3) (p<0.0001), tumor diameter >2 cm (p=0.0003), myometrial invasion >=50% based on pre-operative MRI (p=0.0366), elevated serum CA125 (pre-menopausal value >=70 U/mL, post-menopausal value >=25 U/mL) (p=0.0004), and lymphadenopathy on pre-operative CT scans (p=0.0002)."
30508211,CA-125 Antigen,carb,ASSOCIATED_WITH,Malignant neoplasm of endometrium,neop,OBJECTIVES: To evaluate the predictive value of preoperative CA125 in extra-uterine disease and its association with poor prognostic factors in endometrioid-type endometrial cancer (EC).
30508211,CA-125 Antigen,carb,ASSOCIATED_WITH,Malignant neoplasm of endometrium,neop,The age-dependent cut-off level of CA125 can improve the prediction of LNM in endometrioid-type EC.
30580078,Ovaro-,bpoc,LOCATION_OF,Malignant Neoplasms,neop,Diagnostic efficacy of MRI for pre-operative assessment of ovarian malignancy in endometrial carcinoma: A decision tree analysis.
30580078,Ovaro-,bpoc,LOCATION_OF,Malignant Neoplasms,neop,AIM: Accurate preoperative assessment of ovarian malignancy in endometrial carcinoma helps in determining the decision to preserve the ovaries in individualized treatment.
30580078,Ovaro-,bpoc,LOCATION_OF,Malignant Neoplasms,neop,"MATERIAL AND METHODS: This retrospective study included a total of 801 patients, and postoperative pathological examinations identified 58 EC-OM group and 743 endometrial carcinoma cases without ovarian malignancy (EC group)."
30580078,Ovaro-,bpoc,LOCATION_OF,Malignant Neoplasms,neop,Preoperative pelvic MRI showed a sensitivity of 51.72% and a specificity of 99.87% when detecting ovarian malignancy in endometrial carcinoma.
30580078,Ovaro-,bpoc,LOCATION_OF,Malignant Neoplasms,neop,CONCLUSION: Decision tree analysis based on pelvic MRI and clinical data of patients showed that the detection rate of ovarian malignancy could be increased for patients with endometrial carcinoma.
30663290,Ovaro-,bpoc,LOCATION_OF,Malignant Neoplasms,neop,"Preclinical studies reported a significant anti-proliferative activity of IGF1 receptor (IGF1R) inhibitors in ovarian malignancies, however, clinical studies have shown variable response rates."
31298603,Ovaro-,bpoc,LOCATION_OF,Malignant Neoplasms,neop,"Results: A higher CD3 expression was found in the stroma of ovarian malignancies compared benign neoplasms, and greater expression of CD4 cells in the stroma of benign neoplasms compared to ovarian cancer."
31298603,Ovaro-,bpoc,LOCATION_OF,Malignant Neoplasms,neop,There was a greater expression of CD8 cells in the stromal ovarian malignancies with molecular type II compared to type I.
30580078,Malignant Neoplasms,neop,COEXISTS_WITH,Endometrial Carcinoma,neop,AIM: Accurate preoperative assessment of ovarian malignancy in endometrial carcinoma helps in determining the decision to preserve the ovaries in individualized treatment.
30580078,Malignant Neoplasms,neop,COEXISTS_WITH,Endometrial Carcinoma,neop,Preoperative pelvic MRI showed a sensitivity of 51.72% and a specificity of 99.87% when detecting ovarian malignancy in endometrial carcinoma.
30580078,Endometrioid carcinoma ovary,neop,ISA,Malignant Neoplasms,neop,This study adopted decision tree method to evaluate the diagnostic efficiency of pelvic MRI and clinical data of patients for preoperative identification of endometrial carcinoma-combined ovarian malignancy (EC-OM).
30580078,Endometrioid carcinoma ovary,neop,ISA,Malignant Neoplasms,neop,Diagnostic efficiency of pelvic MRI in EC-OM was calculated by comparing the clinical data and imaging features of patients in the two groups.
30580078,Endometrioid carcinoma ovary,neop,ISA,Malignant Neoplasms,neop,Decision tree analysis was performed to screen out associative indexes and establish a diagnostic model for EC-OM.
30626487,Natural Killer Cells,cell,PART_OF,Mus,mamm,"Here, we provide further evidence of the regulatory role of MUC16 on human and murine NK cells and macrophages."
30626487,Natural Killer Cells,cell,PART_OF,Mus,mamm,Murine NK cells and macrophages are more efficient at lysing MUC16-knockdown cells.
30626487,Natural Killer Cells,cell,PART_OF,Mus,mamm,"CONCLUSIONS: For the first time, we demonstrate the immunoregulatory effects of MUC16 on murine NK cells and macrophages."
30626487,Natural Killer Cells,cell,PART_OF,Mus,mamm,Our study implies that the immunoregulatory role of MUC16 on murine NK cells and macrophages should be considered when examining the biology of MUC16 in mouse models.
30630888,Lymph node excision,topp,TREATS,"Carcinoma, Endometrioid",neop,New criteria for the omission of lymphadenectomy in endometrioid carcinoma.
30630888,Lymph node excision,topp,TREATS,"Carcinoma, Endometrioid",neop,OBJECTIVE: To establish new criteria for the omission of lymphadenectomy in patients with endometrioid carcinoma.
30640703,Excision,topp,TREATS,Epithelial ovarian cancer,neop,OBJECTIVES: To evaluate the clinical outcomes of epithelial ovarian carcinoma patients who underwent cardiophrenic lymph node resection.
30640703,Excision,topp,TREATS,Epithelial ovarian cancer,neop,METHODS: We retrospectively reviewed the records of all surgically treated patients with advanced epithelial ovarian carcinoma (stages IIIC-IV) who underwent cardiophrenic lymph node resection between 2002 and 2018.
30646963,Genistein,bacs,ISA,Antineoplastic Agents,phsu,This assisted GEN to be as a potential chemotherapeutic agent in human ovarian cancer.
30661922,Cytoreductive surgery,topp,TREATS,Epithelial ovarian cancer,neop,Patterns of pathological response to neoadjuvant chemotherapy and its clinical implications in patients undergoing interval cytoreductive surgery for advanced serous epithelial ovarian cancer- A study by the Indian Network for Development of Peritoneal Surface Oncology (INDEPSO).
30857876,Cytoreductive surgery,topp,TREATS,Epithelial ovarian cancer,neop,"We reviewed data from patients who underwent CLN resection with or without porta hepatis disease resection, within upfront or interval complete CRS in the frontline treatment of advanced epithelial OC between January 2008 and December 2015."
30663290,Immunotherapy,topp,TREATS,Epithelial ovarian cancer,neop,Recent data indicate that immunotherapy could hold promise in improving EOC treatment.
30791364,Immunotherapy,topp,TREATS,Epithelial ovarian cancer,neop,"Here, we will discuss the recent advances in the clinical application of NK cell immunotherapy in EOC."
30702189,PDCD1 gene,aapp,STIMULATES,"Lymphocytes, Tumor-Infiltrating",cell,"These results indicate that CRISPR/Cas9-mediated PD-L1 disruption on tumor cells promotes anti-tumor immunity by increasing tumor-infiltrating lymphocytes and modulating cytokine/chemokine profiles within the tumor microenvironment, thereby suppressing ovarian cancer progression."
30755184,Antineoplastic Agents,phsu,TREATS,Neoplasm,neop,"BACKGROUND: Despite the recent progress in the development of anti-cancer drugs, the treatment of metastatic tumors is usually ineffective."
30755715,Platinum,elii,AFFECTS,ovarian neoplasm,neop,Niraparib activates interferon signaling and potentiates anti-PD-1 antibody efficacy in tumor models.PARP inhibitors have been proven clinically efficacious in platinum-responsive ovarian cancer regardless of BRCA1/2 status and in breast cancers with germline BRCA1/2 mutation.
30770776,Pharmacotherapy,topp,NEG_TREATS,Crosstalk,inpo,"CONCLUSIONS: These data indicate a unique role of exosomal miR-223 in the cross-talk between macrophages and EOC cells in chemotherapy resistance, through a novel exosomal miR-223/PTEN-PI3K/AKT signaling pathway."
30803719,Peritoneum,bpoc,LOCATION_OF,Carcinoma,neop,"METHODS: Patients with carcinoma of the ovary, fallopian tube, or peritoneum were prospectively enrolled."
30857876,Cytoreductive surgery,topp,TREATS,Advanced cancer,neop,The aim of our study was to assess the prognostic impact of CLN involvement in patients with primary advanced OC undergoing a complete cytoreductive surgery (CRS).
31549223,Cytoreductive surgery,topp,TREATS,Advanced cancer,neop,METHODS: All patients who underwent primary cytoreductive surgery for advanced ovarian-tubal-peritoneal (OTP) epithelial cancer were reviewed retrospectively.
30916767,macrophage,cell,LOCATION_OF,Interleukin-6,aapp,"In addition, the production and secretion of TNF-alpha and IL-6 in macrophages isolated from IDB model mice were observably higher."
30916767,Interleukin-6,aapp,STIMULATES,macrophage,cell,"IDB can stimulate the activation of tumor-associated macrophages in ovarian cancer, which is achieved by secreting pro-inflammatory cytokines IL-6 and TNF-alpha, and ultimately induces the development of EMT."
30926154,Epithelial ovarian cancer,neop,PROCESS_OF,Mus,mamm,Depletion of tumor-associated macrophages enhances the anti-tumor effect of docetaxel in a murine epithelial ovarian cancer.
30926154,Epithelial ovarian cancer,neop,PROCESS_OF,Mus,mamm,Depletion of Tumor-Associated Macrophages (TAMs) by BLZ945 enhanced the anti-tumor effect of DTXL in a murine epithelial ovarian cancer.
30926154,macrophage,cell,LOCATION_OF,Apoptosis,celf,DTXL treatment increased the infiltration while BLZ945 induced cell apoptosis in macrophages.
30981619,Dermoid Cyst,neop,PROCESS_OF,Woman,humn,Association between FOXP3+ regulatory T-cells and occurrence of peritoneal lesions in women with ovarian endometrioma and dermoid cysts.
30981619,Dermoid Cyst,neop,PROCESS_OF,Woman,humn,RESEARCH QUESTION: Is there any relationship between numbers of FOXP3+ regulatory T-cells (Treg) and occurrence of peritoneal lesions in women with ovarian endometrioma and dermoid cysts?
30981619,Dermoid Cyst,neop,PROCESS_OF,Woman,humn,Peritoneal lesions were collected from 27 women with ovarian endometrioma and 25 women with dermoid cysts.
30981619,Dermoid Cyst,neop,PROCESS_OF,Woman,humn,Peritoneal fluid was collected from 36 women with ovarian endometrioma and 42 women with dermoid cysts.
30981619,Dermoid Cyst,neop,PROCESS_OF,Woman,humn,"CONCLUSIONS: This study confirms current speculation that endometriosis is related to alteration in Treg cells, causing survival and implantation of ectopic endometrial lesions in women with endometrioma and dermoid cysts."
30981619,Endometrioma,dsyn,PROCESS_OF,Woman,humn,Association between FOXP3+ regulatory T-cells and occurrence of peritoneal lesions in women with ovarian endometrioma and dermoid cysts.
30981619,Endometrioma,dsyn,PROCESS_OF,Woman,humn,RESEARCH QUESTION: Is there any relationship between numbers of FOXP3+ regulatory T-cells (Treg) and occurrence of peritoneal lesions in women with ovarian endometrioma and dermoid cysts?
30981619,Endometrioma,dsyn,PROCESS_OF,Woman,humn,Peritoneal lesions were collected from 27 women with ovarian endometrioma and 25 women with dermoid cysts.
30981619,Endometrioma,dsyn,PROCESS_OF,Woman,humn,Peritoneal fluid was collected from 36 women with ovarian endometrioma and 42 women with dermoid cysts.
30981619,Endometrioma,dsyn,PROCESS_OF,Woman,humn,"CONCLUSIONS: This study confirms current speculation that endometriosis is related to alteration in Treg cells, causing survival and implantation of ectopic endometrial lesions in women with endometrioma and dermoid cysts."
31888633,Endometrioma,dsyn,PROCESS_OF,Woman,humn,The objective of this study was to determine the levels of inflammatory markers and coagulation parameters and their correlations in women with endometriomas compared to those with benign ovarian cysts or normal pelvic anatomy.
31888633,Endometrioma,dsyn,PROCESS_OF,Woman,humn,CONCLUSIONS: These results indicate that women with endometriomas demonstrate a hypercoagulable status due to the inflammatory nature of endometriosis.
31044268,Lymph Node Dissection,topp,TREATS,Carcinoma,neop,Incidental lymphoma in lymph node dissection for carcinoma in the abdominopelvic cavity: a single-institution experience.
31044268,Lymph Node Dissection,topp,TREATS,Carcinoma,neop,Incidental detection of lymphoma in lymph node (LN) dissection for carcinoma is extremely rare.
31044268,Lymph Node Dissection,topp,TREATS,Carcinoma,neop,"The medical records of 11,889 consecutive patients who underwent LN dissection for carcinoma in the abdominopelvic cavity were retrospectively reviewed."
31044268,Lymph Node Dissection,topp,TREATS,Carcinoma,neop,Low-grade B-NHL can be incidentally detected during LN dissection for carcinoma in the abdominopelvic cavity.
31044268,Lymph node excision,topp,TREATS,Carcinoma,neop,We should be aware of simultaneous occurrence of incidental lymphoma during lymphadenectomy for carcinoma.
31064389,Body tissue,tisu,PART_OF,ovarian neoplasm,neop,Immunohistochemical staining was utilized to detect the numbers of gammadelta T cells and their main subsets in different types of ovarian tumor tissues.
32093885,Body tissue,tisu,PART_OF,ovarian neoplasm,neop,Find concrete source of the elevated IL-17A levels in OC tissues by flow cytometry.
32093885,Body tissue,tisu,PART_OF,ovarian neoplasm,neop,RESULTS: We found that IL-17A is expressed at higher levels in OC tissues than in BOT or OBT tissues at both the mRNA and protein levels.
31082385,Epithelial ovarian cancer,neop,PROCESS_OF,Woman,humn,The Sentinel Lymph Nodes in Early-Stage Ovarian Cancer trial is a prospective study designed to test whether sentinel node detection can accurately predict nodal status in a cohort of women with early epithelial ovarian cancer.
31353053,Epithelial ovarian cancer,neop,PROCESS_OF,Woman,humn,OBJECTIVE: To determine the feasibility of pharmacologic beta-adrenergic blockade in women with newly diagnosed stage II-IV epithelial ovarian cancer (EOC) throughout primary treatment.
31688935,Epithelial ovarian cancer,neop,PROCESS_OF,Woman,humn,"Among 4730 patients with malignant ovarian tumors, a total of 186 women with mucinous epithelial ovarian carcinoma were eligible."
32173048,Epithelial ovarian cancer,neop,PROCESS_OF,Woman,humn,Medical records of women with EOC treated in our institution from 2011 to 2016 were retrospectively identified.
31096567,Crosstalk,inpo,COEXISTS_WITH,Malignant Neoplasms,neop,The Crowded Crosstalk between Cancer Cells and Stromal Microenvironment in Gynecological Malignancies: Biological Pathways and Therapeutic Implication.
31096567,Malignant Neoplasms,neop,AFFECTS,Malignant neoplasm of endometrium,neop,"The tumor microenvironment plays a pillar role in the progression and the distance dissemination of cancer cells in the main malignancies affecting women-epithelial ovarian cancer, endometrial cancer and cervical cancer."
31096567,Malignant Neoplasms,neop,AFFECTS,Epithelial ovarian cancer,neop,"The tumor microenvironment plays a pillar role in the progression and the distance dissemination of cancer cells in the main malignancies affecting women-epithelial ovarian cancer, endometrial cancer and cervical cancer."
31155736,Immunologic Adjuvants,imft,TREATS,Malignant neoplasm of endometrium,neop,AIMS: Lymphovascular space invasion (LVSI) in endometrial cancer (EC) is an important prognostic variable impacting on a patient's individual recurrence risk and adjuvant treatment recommendations.
32204935,Immunologic Adjuvants,imft,TREATS,Malignant neoplasm of endometrium,neop,"Pattern of recurrence in patients with endometrial cancer: A retrospective study.INTRODUCTION: Endometrial cancer (EC) known prognostic factors are not sufficient to predict either outcome or recurrence rate/site: to investigate EC recurrence patterns according to ESMO-ESGO-ESTRO risk classes, could be beneficial for a more tailored adjuvant treatment and follow-up schedule."
31197557,CD8B1 gene,gngm,ASSOCIATED_WITH,Endometrial Carcinoma,neop,The impact of programmed cell death-ligand 1 (PD-L1) and CD8 expression in grade 3 endometrial carcinomas.
31197557,CD8B1 gene,gngm,ASSOCIATED_WITH,Endometrial Carcinoma,neop,BACKGROUND: To evaluate the expression of programmed cell death-ligand 1 (PD-L1) and CD8 in high-grade endometrial carcinomas and relate it to several clinicopathological parameters.
31197557,PDCD1 gene,aapp,ASSOCIATED_WITH,Endometrial Carcinoma,neop,The impact of programmed cell death-ligand 1 (PD-L1) and CD8 expression in grade 3 endometrial carcinomas.
31197557,PDCD1 gene,aapp,DISRUPTS,Endometrial Carcinoma,neop,"In endometrioid carcinomas, there was a significantly higher rate of positivity for PD-L1 expression (p = 0.042) and of intraepithelial CD8 + cell counts (p = 0.004) as opposed to non-endometrioid cancers."
31208449,Epithelial ovarian cancer,neop,AFFECTS,Menstruation,orgf,"In this study, we performed PD-L1 immunostaining of tissue microarrays from ovarian epithelial cancer using SP263, an approved clone, and examined the effect of PD-L1 expression on survival rate and prognosis."
31208449,"Lymphocytes, Tumor-Infiltrating",cell,AFFECTS,Menstruation,orgf,"PD-L1 expression levels in tumor cells, intraepithelial tumor-infiltrating lymphocytes, and stromal tumor-infiltrating lymphocytes were evaluated, and the effect of PD-L1 expression on survival and prognosis was analyzed."
31208449,"Lymphocytes, Tumor-Infiltrating",cell,AFFECTS,Menstruation,orgf,"PD-L1 expression levels in tumor cells, intraepithelial tumor-infiltrating lymphocytes, and stromal tumor-infiltrating lymphocytes were evaluated, and the effect of PD-L1 expression on survival and prognosis was analyzed."
31217340,"Tumor cells, malignant",cell,LOCATION_OF,Tumor Antigens,orch,Bispecific antibodies that interact with tumor antigens on cancer cells and activating receptors on immune cells offer an innovative immunotherapy approach.
31221207,CD4 gene,gngm,ASSOCIATED_WITH,Epithelial ovarian cancer,neop,CONCLUSIONS: Our study demonstrated the feasibility of efficiently identifying both CD4+ and CD8+ neoantigen-specific T-cells in EOC.
31221207,CD8B1 gene,gngm,ASSOCIATED_WITH,Epithelial ovarian cancer,neop,CONCLUSIONS: Our study demonstrated the feasibility of efficiently identifying both CD4+ and CD8+ neoantigen-specific T-cells in EOC.
31288064,Neoplasm,neop,COEXISTS_WITH,Epithelial ovarian cancer,neop,Improved anti-tumor efficacy of paclitaxel in combination with MicroRNA-125b-based tumor-associated macrophage repolarization in epithelial ovarian cancer.
31288064,Paclitaxel,phsu,TREATS,Epithelial ovarian cancer,neop,"In this study, we have evaluated the synergistic efficacy of TAM repolarization and intraperitoneal paclitaxel in epithelial ovarian cancers."
31298603,Stroma,bpoc,LOCATION_OF,CD4 gene,gngm,"The objectives of the study were to evaluate the expression of CD3, CD4, CD8 and CD20 in the peritumoral stroma of benign and malignant ovarian epithelial neoplasms and to relate them to prognostic factors in ovarian cancer."
31298603,Stroma,bpoc,LOCATION_OF,CD8B1 gene,gngm,"The objectives of the study were to evaluate the expression of CD3, CD4, CD8 and CD20 in the peritumoral stroma of benign and malignant ovarian epithelial neoplasms and to relate them to prognostic factors in ovarian cancer."
31324218,Carboplatin,orch,ISA,Antineoplastic Agents,phsu,CSC/M2-macrophage hetero-spheroids are also less sensitive to the chemotherapeutic agent carboplatin and are subsequently more invasive in transwell assays.
31337659,ovarian neoplasm,neop,ISA,Malignant Neoplasms,neop,We used deep transcriptome profiling and IHC analysis of human HGSOC tumors and disseminated mouse ID8VEGF tumors to compare immunologic features.
31337659,ovarian neoplasm,neop,PROCESS_OF,Mus,mamm,"We then evaluated the ability of CD8 T cells engineered to express a high-affinity TCR specific for mesothelin, an ovarian cancer antigen, to infiltrate advanced ID8VEGF murine ovarian tumors and control tumor growth."
31753553,ovarian neoplasm,neop,PROCESS_OF,Mus,mamm,"Our results show that murine ovarian tumors produce several types of laminins, as determined by PCR analysis, and also that tumor-associated DCs, both from ascites or solid tumors express adhesion molecules capable of interacting with these molecules as determined by flow cytometry and PCR analysis."
32212317,ovarian neoplasm,neop,PROCESS_OF,Mus,mamm,"TIGIT expression was increased in immune cells of OC mice, particularly in CD4     +       Tregs."
32212317,ovarian neoplasm,neop,PROCESS_OF,Mus,mamm,"Anti-TIGIT monoclonal antibodies (mAb) were used to block the function of TIGIT in OC mice, and we found that the anti-TIGIT treatment reduced the proportion of CD4     +       Tregs, but did not affect CD4     +       and CD8     +       T cells or natural killer cells."
32212317,ovarian neoplasm,neop,PROCESS_OF,Mus,mamm,"Splenic CD4     +       Tregs from OC mice were isolated after the anti-TIGIT treatment, and their functioning was examined."
32212317,ovarian neoplasm,neop,PROCESS_OF,Mus,mamm,A survival curve suggested that anti-TIGIT treatment can improve the survival rate of OC in mice.
32246014,ovarian neoplasm,neop,PROCESS_OF,Mus,mamm,We also find that peritoneal LPMs infiltrate early ovarian tumours and that RXR deletion diminishes LPM accumulation in tumours and strongly reduces ovarian tumour progression in mice.
32415947,ovarian neoplasm,neop,PROCESS_OF,Mus,mamm,Effect of glutamine on the immune function of paclitaxel intervention in ovarian cancer mice.
32415947,ovarian neoplasm,neop,PROCESS_OF,Mus,mamm,Effect of glutamine on the immune function of paclitaxel intervention in ovarian cancer mice.To analyze the effect of amide Valley on the immune function of ovarian cancer mice treated with paclitaxel.
32415947,ovarian neoplasm,neop,PROCESS_OF,Mus,mamm,Effect of glutamine on the immune function of paclitaxel intervention in ovarian cancer mice.To analyze the effect of amide Valley on the immune function of ovarian cancer mice treated with paclitaxel.
32415947,ovarian neoplasm,neop,PROCESS_OF,Mus,mamm,"The hair color, diet, excretion and activity of mice in the normal control group were normal, while the hair of the remaining four groups of ovarian cancer mice was sparse and dull compared with those in the normal control group, and the diet was decreased and the action was retarded."
32415947,ovarian neoplasm,neop,PROCESS_OF,Mus,mamm,"By measuring the body mass of mice at a regular time, we found that before treatment, the body mass of the other four groups of ovarian cancer mice increased significantly (P< 0.05) because of the tumor body compared with the normal control group mice; after treatment, compared with the other ovarian cancer mice group, the body mass of the combined intervention group mice decreased significantly, the difference was statistically significant (P< 0.05), suggesting that the tumor body was reduced."
32415947,ovarian neoplasm,neop,PROCESS_OF,Mus,mamm,"Compare with normal control mice, CD3+, CD4, and CD4 / CD8 of other ovarian cancer mice groups were significantly decreased, and CD8+ was significantly increased, the differences were statistically significant (P< 0.05); There was no significant difference in the levels of CD3+, CD4+, CD4 / CD8, and CD8+ between the tumor control group and the paclitaxel group (P&gt; 0.05)."
32415947,ovarian neoplasm,neop,PROCESS_OF,Mus,mamm,"By regulating paclitaxel-treated ovarian cancer mice, it can simultaneously treat ovarian cancer, significantly improve the immune function of ovarian cancer mice, thereby improving the anti-tumor ability, and provide the possibility of significantly improving the body's immunity of ovarian cancer patients."
31362778,Pharmacotherapy,topp,TREATS,Malignant neoplasm of lung,neop,"Finally, we showed that this combination therapy is also effective at delaying tumor growth substantially in an aggressive model of lung cancer, which is also treated clinically with taxane- and platinum-based chemotherapy."
31370215,Carboplatin,orch,TREATS,Endometrial Carcinoma,neop,"As a treatment strategy for DDEC, conventional paclitaxel plus carboplatin and cisplatin plus doxorubicin therapies are effective for those with the well-differentiated component."
31388197,Interleukin-2,aapp,PART_OF,Stroma,bpoc,Stromal IL2 is related to the neutrophil/lymphocyte ratio in epithelial ovarian cancer.
31388197,Interleukin-2,aapp,PART_OF,Stroma,bpoc,"Conclusion: Stromal IL-2 is associated with higher a neutrophil/lymphocyte ratio, suggesting a worse prognosis in ovarian cancer and its role in tumor immunology; a neutrophil/lymphocyte ratio > 2.6 is associated with more advanced stages of malignant ovarian neoplasia."
31388197,Interleukin-2,aapp,ASSOCIATED_WITH,Epithelial ovarian cancer,neop,Stromal IL2 is related to the neutrophil/lymphocyte ratio in epithelial ovarian cancer.
31388982,Stroma,bpoc,LOCATION_OF,Infiltration,patf,"RCAS1-Ir in the cytoplasm of cancer cells was positively correlated with the degree of tumor stroma infiltration by fibroblasts and macrophages, but not with RCAS1-Ir in these cells."
31888563,Stroma,bpoc,LOCATION_OF,Infiltration,patf,Gene signature characteristic of elevated stromal infiltration and activation is associated with increased risk of hematogenous and lymphatic metastasis in serous ovarian cancer.
31888563,Stroma,bpoc,LOCATION_OF,Infiltration,patf,"Gene signature characteristic of elevated stromal infiltration and activation is associated with increased risk of hematogenous and lymphatic metastasis in serous ovarian cancer.BACKGROUND: The clinical significance of hematogenous and lymphatic metastasis in ovarian cancer has been increasingly addressed, as it plays an imperative role in the formation of both intraperitoneal and distant metastases."
31422591,Pharmacotherapy,topp,TREATS,"Cystadenocarcinoma, Serous",neop,"Objective: To compare intratumoral tumor-infiltrating lymphocytes (TIL) in a cohort of high-grade serous ovarian carcinoma patients between those who treated with neoadjuvant chemotherapy (NACT) and primary debulking surgery (PDS), and to determine the clinical and prognostic significance of TIL in high-grade serous ovarian carcinoma."
31474589,Ovary,bpoc,LOCATION_OF,Sentinel Lymph Node Mapping,diap,Feasibility of sentinel lymph node mapping of the ovary: a systematic review.
31481452,Splenectomy,topp,TREATS,Advanced cancer,neop,Diagnostic value of post-operative platelet-to-white blood cell ratio after splenectomy in patients with advanced ovarian cancer.
31843872,Splenectomy,topp,TREATS,Advanced cancer,neop,Post-operative platelet-to-white blood cell ratio after splenectomy in patients with advanced ovarian cancer: methodological issues on diagnostic value and prediction to avoid misinterpretation.
31843872,Splenectomy,topp,TREATS,Advanced cancer,neop,Post-operative platelet-to-white blood cell ratio after splenectomy in patients with advanced ovarian cancer: methodological issues on diagnostic value and prediction to avoid misinterpretation.
31492714,Neoplasm,neop,COEXISTS_WITH,Secondary malignant neoplasm of lymph node,neop,PD-1 and PD-L1 positive tumor-infiltrating immune cells were associated with the presence of lymph node metastases and higher tumor grade.
31537619,Tumor Necrosis Factor Ligand Superfamily Member 6,aapp,ASSOCIATED_WITH,Advanced cancer,neop,"Thus, low levels of s-CD95L (<516 pg/mL) are correlated with lower numbers of tumor-infiltrating lymphocytes (CD3+ and CD8+, and also CD4 and FoxP3 T cells) in advanced HGSOC and are a poor prognostic marker."
31602489,Interleukin-2,aapp,ADMINISTERED_TO,"Lymphocytes, Tumor-Infiltrating",cell,METHODS: TIL from high-grade serous ovarian cancer were cultured using a combination of IL-2 with agonistic antibodies targeting 4-1BB and CD3.
31627744,Ovary,bpoc,LOCATION_OF,Neoplasm,neop,"To address this gap, we examined exome-capture RNA sequencing data from 50 primary breast tumors (PBTs) and their patient-matched metastatic tumors (METs) in brain, ovary, bone and gastrointestinal tract."
31809609,Pharmacotherapy,topp,TREATS,Ovarian cancer metastatic,neop,Results: A total of 21 ovarian cancer stage IV patients treated with NACT followed by IDS were identified.
31821542,"Tumor cells, malignant",cell,PRODUCES,PDCD1 gene,aapp,"Studies have shown that programmed cell death ligand-1 (PD-L1), an inhibitory molecule expressed by cancer cells, plays a significant role in immune tolerance through the induction of T cell dysfunction."
31821542,Cisplatin,inch,INHIBITS,MIRN145 gene,gngm,"The results of our RNA sequencing in previous studies revealed that microRNA-145 (miR-145), which is known to be downregulated by cisplatin in cisplatin-resistant ovarian cancer cells, also represses gene PD-L1 expression."
31821542,Cisplatin,inch,INTERACTS_WITH,MIRN145 gene,gngm,"Here, we show that cisplatin-mediated miR-145 down-regulation increased PD-L1 expression via targeting c-Myc transcription factor, thereby inducing T cell apoptosis in vitro."
31821542,MIRN145 gene,gngm,INTERACTS_WITH,PDCD1 gene,aapp,"However, the mechanism by which miR-145 contributes to regulate PD-L1 expression in cisplatin-resistance of ovarian cancer is yet to be fully understood."
31821542,MIRN145 gene,gngm,COEXISTS_WITH,PDCD1 gene,aapp,"We also report that expression of miR-145 is negatively correlated with PD-L1 expression in human ovarian cancer tissues, malignant grades and the recurrent risks of ovarian cancer after chemotherapy."
31851060,Ovaro-,bpoc,LOCATION_OF,High grade serous carcinoma,neop,Expression of the Immune Checkpoints LAG-3 and PD-L1 in High-grade Serous Ovarian Carcinoma: Relationship to Tumor-associated Lymphocytes and Germline BRCA Status.
31851060,Ovaro-,bpoc,LOCATION_OF,High grade serous carcinoma,neop,Expression of the Immune Checkpoints LAG-3 and PD-L1 in High-grade Serous Ovarian Carcinoma: Relationship to Tumor-associated Lymphocytes and Germline BRCA Status.
31851060,Ovaro-,bpoc,LOCATION_OF,High grade serous carcinoma,neop,"Ovarian high-grade serous carcinomas (HGSC) have shown lackluster responses to immunotherapies targeting the PD-1/PD-L1 axis, perhaps due to the coexistence of other mechanisms of immune evasion in this tumor type."
31911269,Ovaro-,bpoc,LOCATION_OF,High grade serous carcinoma,neop,"Here, we sought to assess the relevance of the cellular composition of the immune infiltrate to survival after platinum-based chemotherapy amongst patients with high-grade serous ovarian cancer and evaluate these effects by molecular subtype."
31931651,Ovaro-,bpoc,LOCATION_OF,High grade serous carcinoma,neop,Favorable prognostic impact of Natural Killer cells and T cells in high-grade serous ovarian carcinoma.
31931651,Ovaro-,bpoc,LOCATION_OF,High grade serous carcinoma,neop,Favorable prognostic impact of Natural Killer cells and T cells in high-grade serous ovarian carcinoma.
31935430,Ovaro-,bpoc,LOCATION_OF,High grade serous carcinoma,neop,GATA3 as a master regulator for interactions of tumor-associated macrophages with high-grade serous ovarian carcinoma.
31935430,Ovaro-,bpoc,LOCATION_OF,High grade serous carcinoma,neop,GATA3 as a master regulator for interactions of tumor-associated macrophages with high-grade serous ovarian carcinoma.
31935430,Ovaro-,bpoc,LOCATION_OF,High grade serous carcinoma,neop,High-grade serous ovarian carcinoma (HGSOC) is the most lethal gynecologic cancer.
31935430,Ovaro-,bpoc,LOCATION_OF,High grade serous carcinoma,neop,"We found that the developmental transcription factor GATA3 was highly expressed in HGSOC cell lines but not in the fallopian tube, which is the main origin of HGSOC."
31935430,Ovaro-,bpoc,LOCATION_OF,High grade serous carcinoma,neop,"Moreover, GATA3 acted as a regulator for macrophage polarization and interactions between TAMs and HGSOC to support proliferation, motility, and cisplatin chemoresistance in mutant TP53 HGSOC cell lines."
31935430,Ovaro-,bpoc,LOCATION_OF,High grade serous carcinoma,neop,Our findings indicate that GATA3 plays a novel role in immunoediting of HGSOC and demonstrate that GATA3 may serve as a prognostic marker for HGSOC and a promising target in the treatment of HGSOC.
31935430,Ovaro-,bpoc,LOCATION_OF,High grade serous carcinoma,neop,Our findings indicate that GATA3 plays a novel role in immunoediting of HGSOC and demonstrate that GATA3 may serve as a prognostic marker for HGSOC and a promising target in the treatment of HGSOC.
31935430,Ovaro-,bpoc,LOCATION_OF,High grade serous carcinoma,neop,Our findings indicate that GATA3 plays a novel role in immunoediting of HGSOC and demonstrate that GATA3 may serve as a prognostic marker for HGSOC and a promising target in the treatment of HGSOC.
31980961,Ovaro-,bpoc,LOCATION_OF,High grade serous carcinoma,neop,PD-1/PD-L1 expression and tumor-infiltrating lymphocytes are prognostically favorable in advanced high-grade serous ovarian carcinoma.
31980961,Ovaro-,bpoc,LOCATION_OF,High grade serous carcinoma,neop,"PD-1/PD-L1 expression and tumor-infiltrating lymphocytes are prognostically favorable in advanced high-grade serous ovarian carcinoma.The response rate to checkpoint inhibitors for women with high-grade serous carcinoma of the ovary, fallopian tube, and peritoneum (HGSC) is modest, and development of predictive biomarkers is needed."
32012728,Ovaro-,bpoc,LOCATION_OF,High grade serous carcinoma,neop,"These data mainly reveal an immune beneficial environment in low-grade ovarian cancer in contrast to high-grade serous ovarian cancer, where immune suppression is not altered by neoadjuvant therapy."
32111730,Ovaro-,bpoc,LOCATION_OF,High grade serous carcinoma,neop,"Novel, genetically induced mouse model that recapitulates the histological morphology and immunosuppressive tumor microenvironment of metastatic peritoneal carcinomatosis.BACKGROUND: Peritoneal carcinomatosis is a hallmark of advanced peritoneal tumor progression, particularly for tubal/ovarian high-grade serous carcinomas (HGSCs)."
32134923,Ovaro-,bpoc,LOCATION_OF,High grade serous carcinoma,neop,Biophysicochemical motifs in T cell receptor sequences as a potential biomarker for high-grade serous ovarian carcinoma.
32134923,Ovaro-,bpoc,LOCATION_OF,High grade serous carcinoma,neop,"Biophysicochemical motifs in T cell receptor sequences as a potential biomarker for high-grade serous ovarian carcinoma.We previously showed, in a pilot study with publicly available data, that T cell receptor (TCR) repertoires from tumor infiltrating lymphocytes (TILs) could be distinguished from adjacent healthy tissue repertoires by the presence of TCRs bearing specific, biophysicochemical motifs in their antigen binding regions."
32134923,Ovaro-,bpoc,LOCATION_OF,High grade serous carcinoma,neop,The current study collected TILs from patients with high-grade serous ovarian carcinoma (HGSOC) and healthy ovary repertoires from cancer-free women undergoing hysterectomy/salpingo-oophorectomy for benign disease.
32134923,Ovaro-,bpoc,LOCATION_OF,High grade serous carcinoma,neop,"The results on the blinded test set demonstrate a biophysicochemical TCR motif found overwhelmingly in women with HGSOC but rarely in women with healthy ovaries, strengthening the proposal that cancer detection approaches might benefit from incorporation of TCR motif-based biomarkers."
32179982,Ovaro-,bpoc,LOCATION_OF,High grade serous carcinoma,neop,The effect of the peritoneal tumor microenvironment on invasion of peritoneal metastases of high-grade serous ovarian cancer and the impact of NEOADJUVANT chemotherapy.
32179982,Ovaro-,bpoc,LOCATION_OF,High grade serous carcinoma,neop,The effect of the peritoneal tumor microenvironment on invasion of peritoneal metastases of high-grade serous ovarian cancer and the impact of NEOADJUVANT chemotherapy.
32179982,Ovaro-,bpoc,LOCATION_OF,High grade serous carcinoma,neop,Peritoneal metastases of high-grade serous ovarian cancer (HGSOC) are small-sized deposits with superficial growth toward the peritoneal cavity.
32179982,Ovaro-,bpoc,LOCATION_OF,High grade serous carcinoma,neop,"We explored integrity of PEL, composition of pTME, effects of NACT, and the prognostic implications in patients with extensive peritoneal metastases of HGSOC."
32179982,Ovaro-,bpoc,LOCATION_OF,High grade serous carcinoma,neop,NACT increases abundance of ieCD3+ cells in peritoneal metastases of HGSOC.
32184777,Ovaro-,bpoc,LOCATION_OF,High grade serous carcinoma,neop,"High-grade serous ovarian cancer (HGSOC), with its high recurrence rates, urges for reasonable therapeutic strategies that can prolong overall survival."
32184777,Ovaro-,bpoc,LOCATION_OF,High grade serous carcinoma,neop,"However, in HGSOC, the impact of the therapies aiming at these targets remains unsatisfying."
32184777,Ovaro-,bpoc,LOCATION_OF,High grade serous carcinoma,neop,"AZD5153 inhibiting BRD4, as a potential therapeutic strategy for HGSOC, was demonstrated to confer controversial plasticity on TAMs, which shows the need to uncover its impact on TAMs in HGSOC."
32184777,Ovaro-,bpoc,LOCATION_OF,High grade serous carcinoma,neop,"AZD5153 inhibiting BRD4, as a potential therapeutic strategy for HGSOC, was demonstrated to confer controversial plasticity on TAMs, which shows the need to uncover its impact on TAMs in HGSOC."
32249277,Ovaro-,bpoc,LOCATION_OF,High grade serous carcinoma,neop,Combining measures of immune infiltration shows additive effect on survival prediction in high-grade serous ovarian carcinoma.
32249277,Ovaro-,bpoc,LOCATION_OF,High grade serous carcinoma,neop,We asked whether similar automated quantitation and combined analysis of immune infiltrates could refine prognostic information in high-grade serous ovarian carcinoma (HGSOC) and tested associations between patterns of immune response and genomic driver alterations.
32249277,Ovaro-,bpoc,LOCATION_OF,High grade serous carcinoma,neop,"The presence of stromal CD68     +       and CD45RO     +       populations was associated with survival, underscoring the benefits evaluating stromal immune populations may bring for prognostic immunoscores in HGSOC."
32269279,Ovaro-,bpoc,LOCATION_OF,High grade serous carcinoma,neop,We carried out a prospective observational study that included 140 consecutive patients with advanced-stage high-grade serous ovarian cancer as well as patients with other histotypes of ovarian cancer and patients with ovarian metastasis from other sites between June 2013 and December 2018.
32269279,Ovaro-,bpoc,LOCATION_OF,High grade serous carcinoma,neop,"We found that patients with high-grade serous papillary ovarian cancers had a prevalence of M1 TAMs, a higher M1/M2 ratio, and a longer overall survival (OS) and progression-free survival (PFS) than other patients."
32312959,Ovaro-,bpoc,LOCATION_OF,High grade serous carcinoma,neop,Tumor-associated macrophages promote ovarian cancer cell migration by secreting transforming growth factor beta induced (TGFBI) and tenascin C.A central and unique aspect of high-grade serous ovarian carcinoma (HGSC) is the extensive transcoelomic spreading of tumor cell via the peritoneal fluid or malignant ascites.
32372131,Ovaro-,bpoc,LOCATION_OF,High grade serous carcinoma,neop,"The pathologic subtype in one case was malignant mixed Mullerian tumor, while the other two cases were high-grade serous ovarian carcinoma."
32446718,Ovaro-,bpoc,LOCATION_OF,High grade serous carcinoma,neop,"To explore the therapeutic implications of this finding, we investigated the relationship between PVR/CD155 expression, tumor-infiltrating lymphocytes (TIL), and prognosis in high-grade serous ovarian cancer (HGSC) and other cancers."
32446718,Ovaro-,bpoc,LOCATION_OF,High grade serous carcinoma,neop,"METHODS: Expression of CD155, TIGIT, PD-1, PD-L1, and other immune markers in HGSC was assessed by high-dimensional flow cytometry, multi-color histological imaging, and/or gene expression profiling."
32446718,Ovaro-,bpoc,LOCATION_OF,High grade serous carcinoma,neop,The prognostic significance of PVR/CD155 and CD274/PD-L1 expression was assessed bioinformatically in HGSC and 32 other cancers in The Cancer Genome Atlas.
32446718,Ovaro-,bpoc,LOCATION_OF,High grade serous carcinoma,neop,"RESULTS: T cells from HGSC frequently co-expressed TIGIT and PD-1, and the ratio of TIGIT to PD-1 expression increased markedly after in vitro expansion with a clinically relevant protocol."
32446718,Ovaro-,bpoc,LOCATION_OF,High grade serous carcinoma,neop,CD155 was commonly expressed on malignant epithelium in HGSC and showed a negative or non-significant association with TIL.
32446718,Ovaro-,bpoc,LOCATION_OF,High grade serous carcinoma,neop,"PVR/CD155 and CD274/PD-L1 exhibited divergent prognostic associations across diverse cancer types in TCGA, including HGSC."
32446718,Ovaro-,bpoc,LOCATION_OF,High grade serous carcinoma,neop,The CD155/TIGIT pathway represents a compelling immunotherapeutic target for HGSC and for immunologically cold tumors in general.
32461346,Ovaro-,bpoc,LOCATION_OF,High grade serous carcinoma,neop,METHODS: A total of 80 cases of HGSC were analyzed in this study.
32483290,Ovaro-,bpoc,LOCATION_OF,High grade serous carcinoma,neop,"To characterize the tumor-immune interface at baseline and during neoadjuvant chemotherapy (NACT) in high-grade serous ovarian cancer (HGSOC), we performed immunogenomic analysis of treatment-naive and paired samples from before and after treatment with chemotherapy."
32483290,Ovaro-,bpoc,LOCATION_OF,High grade serous carcinoma,neop,"We demonstrate that the tumor-immune microenvironment of advanced HGSOC is intrinsically heterogeneous and that chemotherapy induces local immune activation, suggesting that chemotherapy can potentiate the immunogenicity of immune-excluded HGSOC tumors."
32513298,Ovaro-,bpoc,LOCATION_OF,High grade serous carcinoma,neop,Differences in immune-related gene expressions and tumor-infiltrating lymphocytes according to chemotherapeutic response in ovarian high-grade serous carcinoma.
32566387,Ovaro-,bpoc,LOCATION_OF,High grade serous carcinoma,neop,"Here we describe for the first time a novel syngeneic mouse model of recurrent high-grade serous ovarian cancer (HGSOC), which allows immunotherapeutic interventions in a time course relevant to human carcinomatosis and disease course."
31851060,"CD274 protein, human",aapp,ASSOCIATED_WITH,High grade serous carcinoma,neop,Expression of the Immune Checkpoints LAG-3 and PD-L1 in High-grade Serous Ovarian Carcinoma: Relationship to Tumor-associated Lymphocytes and Germline BRCA Status.
31851060,"CD274 protein, human",aapp,ASSOCIATED_WITH,High grade serous carcinoma,neop,Expression of the Immune Checkpoints LAG-3 and PD-L1 in High-grade Serous Ovarian Carcinoma: Relationship to Tumor-associated Lymphocytes and Germline BRCA Status.
31851060,"CD274 protein, human",aapp,ASSOCIATED_WITH,High grade serous carcinoma,neop,The typically limited expression of LAG-3 and PD-L1 suggests that immunotherapeutic response may be muted in most HGSC even with a combination approach.
31980961,"CD274 protein, human",aapp,ASSOCIATED_WITH,High grade serous carcinoma,neop,PD-1/PD-L1 expression and tumor-infiltrating lymphocytes are prognostically favorable in advanced high-grade serous ovarian carcinoma.
31980961,"CD274 protein, human",aapp,ASSOCIATED_WITH,High grade serous carcinoma,neop,"PD-1/PD-L1 expression and tumor-infiltrating lymphocytes are prognostically favorable in advanced high-grade serous ovarian carcinoma.The response rate to checkpoint inhibitors for women with high-grade serous carcinoma of the ovary, fallopian tube, and peritoneum (HGSC) is modest, and development of predictive biomarkers is needed."
32446718,"CD274 protein, human",aapp,ASSOCIATED_WITH,High grade serous carcinoma,neop,"METHODS: Expression of CD155, TIGIT, PD-1, PD-L1, and other immune markers in HGSC was assessed by high-dimensional flow cytometry, multi-color histological imaging, and/or gene expression profiling."
32446718,"CD274 protein, human",aapp,ASSOCIATED_WITH,High grade serous carcinoma,neop,The prognostic significance of PVR/CD155 and CD274/PD-L1 expression was assessed bioinformatically in HGSC and 32 other cancers in The Cancer Genome Atlas.
31866467,Cisplatin,inch,AUGMENTS,macrophage,cell,Cisplatin-stimulated macrophages promote ovarian cancer migration via the CCL20-CCR6 axis.
31866467,Cisplatin,inch,AUGMENTS,macrophage,cell,Cisplatin-stimulated macrophages promote ovarian cancer migration via the CCL20-CCR6 axis.
31870622,Body tissue,tisu,LOCATION_OF,Malignant neoplasm of endometrium,neop,"The Mullerian inhibiting substance type 2 receptor (MISIIR) is a transforming growth factor beta (TGF-beta) receptor family member, overexpressed by most ovarian and endometrial cancers while absent in most normal tissues."
31892360,T-Lymphocyte,cell,LOCATION_OF,PDCD1 gene,aapp,"We analyzed immune cell frequency and expression of PD-1, TIM3, LAG3, ICOS, TIA-1, granzyme B, 2B4, CD107a, and GITR on T cells; CD20, CD22, IgD, BTLA, and CD27 on B cells; CD16 on monocytes; and B7-H3, B7-H4, PD-L1, PD-L2, ICOSL, CD40, CD86, and CLEC9a on antigen-presenting cells by flow cytometry."
31924656,macrophage,cell,LOCATION_OF,Neoplasm,neop,"However, the factors conferring inflammatory and pro-tumor properties on human macrophages remain largely unknown."
31924656,Ovaro-,bpoc,LOCATION_OF,Solid tumor,neop,"Finally, TAMs with pro-tumor and inflammatory characteristics (VEGFhigh CXCL8+ IL1beta+) are found in solid ovarian tumors."
31932454,ovarian neoplasm,neop,PROCESS_OF,Woman,humn,Host Wnt5a Potentiates Microenvironmental Regulation of Ovarian Cancer Metastasis.The non-canonical Wnt ligand Wnt5a is found in high concentrations in ascites of women with ovarian cancer.
31980487,Immunologic Adjuvants,imft,TREATS,Positive Lymph Node,fndg,"Among patients with positive lymph nodes (n=92), the adjuvant treatment strategy utilized impacted OS, with women undergoing a combination of chemotherapy and external beam radiation having the best outcomes (P=0.003)."
31980961,Ovary,bpoc,LOCATION_OF,High grade serous carcinoma,neop,"PD-1/PD-L1 expression and tumor-infiltrating lymphocytes are prognostically favorable in advanced high-grade serous ovarian carcinoma.The response rate to checkpoint inhibitors for women with high-grade serous carcinoma of the ovary, fallopian tube, and peritoneum (HGSC) is modest, and development of predictive biomarkers is needed."
32513298,Ovary,bpoc,LOCATION_OF,High grade serous carcinoma,neop,Differences in immune-related gene expressions and tumor-infiltrating lymphocytes according to chemotherapeutic response in ovarian high-grade serous carcinoma.BACKGROUND: High-grade serous carcinoma (HGSC) of the ovary is the most common subtype of epithelial ovarian cancer (EOC) and has an overall poor prognosis.
31980961,"CD274 protein, human",aapp,ASSOCIATED_WITH,Malignant Neoplasms,neop,"The main focus has been on tumor cell PD-L1 expression, but its assessment alone is insufficient for patient selection in most malignancies."
32487171,"CD274 protein, human",aapp,ASSOCIATED_WITH,Malignant Neoplasms,neop,Accumulation of blood-circulating PD-L1-expressing M-MDSCs and monocytes/macrophages in pretreatment ovarian cancer patients is associated with soluble PD-L1.BACKGROUND: Previous studies have shown clinical relevance of programmed death-ligand 1 (PD-L1) and soluble PD-L1 (sPD-L1) in human cancers.
32487171,"CD274 protein, human",aapp,ASSOCIATED_WITH,Malignant Neoplasms,neop,Accumulation of blood-circulating PD-L1-expressing M-MDSCs and monocytes/macrophages in pretreatment ovarian cancer patients is associated with soluble PD-L1.BACKGROUND: Previous studies have shown clinical relevance of programmed death-ligand 1 (PD-L1) and soluble PD-L1 (sPD-L1) in human cancers.
32073106,"Tumor cells, malignant",cell,LOCATION_OF,Apoptosis,celf,Enzyme-instructed assembly of a cholesterol conjugate promotes pro-inflammatory macrophages and induces apoptosis of cancer cells.
32073106,"Tumor cells, malignant",cell,LOCATION_OF,Apoptosis,celf,Enzyme-instructed assembly of a cholesterol conjugate promotes pro-inflammatory macrophages and induces apoptosis of cancer cells.The combination of immunotherapy and chemotherapy has shown great potential for treating solid tumors.
32075897,Sentinel Lymph Node Biopsy,diap,DIAGNOSES,Malignant neoplasm of endometrium,neop,Pelvic sentinel lymph node biopsy in endometrial cancer-a simplified algorithm based on histology and lymphatic anatomy.
32075897,Sentinel Lymph Node Biopsy,diap,DIAGNOSES,Malignant neoplasm of endometrium,neop,"Pelvic sentinel lymph node biopsy in endometrial cancer-a simplified algorithm based on histology and lymphatic anatomy.OBJECTIVE: To achieve the full potential of sentinel lymph node (SLN) detection in endometrial cancer, both presumed low- and high-risk groups should be included."
32075897,Sentinel Lymph Node Biopsy,diap,DIAGNOSES,Malignant neoplasm of endometrium,neop,"Pelvic sentinel lymph node biopsy in endometrial cancer-a simplified algorithm based on histology and lymphatic anatomy.OBJECTIVE: To achieve the full potential of sentinel lymph node (SLN) detection in endometrial cancer, both presumed low- and high-risk groups should be included."
32085925,Lymph node excision,topp,TREATS,Ovarian epithelial cancer recurrent,neop,Salvage lymphadenectomy in recurrent ovarian cancer patients: Analysis of clinical outcome and BRCA1/2 gene mutational status.
32085925,Lymph node excision,topp,TREATS,Ovarian epithelial cancer recurrent,neop,Salvage lymphadenectomy in recurrent ovarian cancer patients: Analysis of clinical outcome and BRCA1/2 gene mutational status.OBJECTIVE: This study is aimed to analyze the clinical outcome of recurrent ovarian cancer patients bearing isolated lymph-node recurrence (ILNR) who underwent salvage lymphadenectomy (SL).
32085925,Lymph node excision,topp,TREATS,Ovarian epithelial cancer recurrent,neop,Salvage lymphadenectomy in recurrent ovarian cancer patients: Analysis of clinical outcome and BRCA1/2 gene mutational status.OBJECTIVE: This study is aimed to analyze the clinical outcome of recurrent ovarian cancer patients bearing isolated lymph-node recurrence (ILNR) who underwent salvage lymphadenectomy (SL).
32093885,Ovarian Tissue,tisu,PART_OF,Neoplasm,neop,"Flow cytometric analysis demonstrated that significantly higher proportions of tumor-infiltrating IL-17A-producing CD4     +       T cells (Th17), CD8     +       T cells (Tc17), and gammadeltaT cells (IL-17     +       gammadeltaT) were present in OC tissue compared with BOT tissue."
32103105,ovarian neoplasm,neop,COEXISTS_WITH,Neoplasm,neop,"Treating mice bearing ID8 Trp53-/- ovarian cancer with HDAC6i/DNMTi led to an increase in tumor-killing cells such as IFNg+ CD8, NK, and NKT cells and a reversal of the immunosuppressive tumor microenvironment with a decrease in MDSCs and PD-1     hi       CD4 T cells, corresponding with an increase in survival."
32246014,ovarian neoplasm,neop,COEXISTS_WITH,Neoplasm,neop,We also find that peritoneal LPMs infiltrate early ovarian tumours and that RXR deletion diminishes LPM accumulation in tumours and strongly reduces ovarian tumour progression in mice.
32456078,ovarian neoplasm,neop,COEXISTS_WITH,Neoplasm,neop,"The detrimental character of the M2-like type of TAMs in ovarian tumors has been confirmed by a number of studies, demonstrating the positive correlation between their high level in tumors and low overall survival of patients."
32149893,Biological Response Modifiers,phsu,ASSOCIATED_WITH,Epithelial ovarian cancer,neop,This review will encompass the interaction between EOC and immune system and highlight recent data regarding the research of immunotherapy in EOC.
32412818,Biological Response Modifiers,phsu,TREATS,Epithelial ovarian cancer,neop,Immunotherapy has emerged as a highly promising approach in the treatment of epithelial ovarian cancer (EOC).
32173048,Pharmacotherapy,topp,TREATS,ovarian neoplasm,neop,Lymphocytic infiltration and Chemotherapy Response Score as prognostic markers in ovarian cancer patients treated with Neoadjuvant chemotherapy.
32173048,Pharmacotherapy,topp,TREATS,ovarian neoplasm,neop,Lymphocytic infiltration and Chemotherapy Response Score as prognostic markers in ovarian cancer patients treated with Neoadjuvant chemotherapy.
32417154,Pharmacotherapy,topp,TREATS,ovarian neoplasm,neop,Prognostic factors of overall survival for patients with FIGO stage IIIc or IVa ovarian cancer treated with neo-adjuvant chemotherapy followed by interval debulking surgery: A multicenter cohort analysis from the FRANCOGYN study group.
32417154,Pharmacotherapy,topp,TREATS,ovarian neoplasm,neop,Prognostic factors of overall survival for patients with FIGO stage IIIc or IVa ovarian cancer treated with neo-adjuvant chemotherapy followed by interval debulking surgery: A multicenter cohort analysis from the FRANCOGYN study group.INTRODUCTION: The aim of this study was to identify prognostic factors of overall survival in patients with FIGO stage IIIc or IVa ovarian cancer (OC) treated by neo-adjuvant chemotherapy (NAC) followed by interval debulking surgery.
32417154,Pharmacotherapy,topp,TREATS,ovarian neoplasm,neop,Prognostic factors of overall survival for patients with FIGO stage IIIc or IVa ovarian cancer treated with neo-adjuvant chemotherapy followed by interval debulking surgery: A multicenter cohort analysis from the FRANCOGYN study group.INTRODUCTION: The aim of this study was to identify prognostic factors of overall survival in patients with FIGO stage IIIc or IVa ovarian cancer (OC) treated by neo-adjuvant chemotherapy (NAC) followed by interval debulking surgery.
32179982,Peritoneum,bpoc,LOCATION_OF,Neoplasm Metastasis,neop,The effect of the peritoneal tumor microenvironment on invasion of peritoneal metastases of high-grade serous ovarian cancer and the impact of NEOADJUVANT chemotherapy.
32179982,Peritoneum,bpoc,LOCATION_OF,Neoplasm Metastasis,neop,The effect of the peritoneal tumor microenvironment on invasion of peritoneal metastases of high-grade serous ovarian cancer and the impact of NEOADJUVANT chemotherapy.
32179982,Peritoneum,bpoc,LOCATION_OF,Neoplasm Metastasis,neop,Peritoneal metastases of high-grade serous ovarian cancer (HGSOC) are small-sized deposits with superficial growth toward the peritoneal cavity.
32179982,Peritoneum,bpoc,LOCATION_OF,Neoplasm Metastasis,neop,NACT increases abundance of ieCD3+ cells in peritoneal metastases of HGSOC.
32193378,PDCD1 gene,aapp,ASSOCIATED_WITH,ovarian neoplasm,neop,Immunogenomic profiling determines responses to combined PARP and PD-1 inhibition in ovarian cancer.
32193378,PDCD1 gene,aapp,ASSOCIATED_WITH,ovarian neoplasm,neop,Immunogenomic profiling determines responses to combined PARP and PD-1 inhibition in ovarian cancer.
32268953,Biological Response Modifiers,phsu,PART_OF,Natural Killer Cells,cell,CONCLUSION: In this review the pre-clinical evidence and current trials on NK cell immunotherapy in OC patients are summarized.
32294063,Turcot syndrome (disorder),dsyn,COEXISTS_WITH,Malignant neoplasm of endometrium,neop,"MMRD has been extensively studied in colorectal cancer and endometrial cancer, but not so in other tumors, such as ovarian carcinoma."
32294063,Turcot syndrome (disorder),dsyn,COEXISTS_WITH,Endometrioid carcinoma ovary,neop,"We studied the association of MMRD with clinicopathologic and immunohistochemical features, including tumor-infiltrating lymphocytes in EOC, the histologic type in which MMRD is most frequent."
32294063,Turcot syndrome (disorder),dsyn,COEXISTS_WITH,Endometrioid carcinoma ovary,neop,"MMRD occurred only in endometriosis-associated histologic types, and it was much more frequent in EOC (18%) than in CCC (2%)."
32329191,Body tissue,tisu,PART_OF,Ovaro-,bpoc,"In the present study, ALKBH5 showed higher expression in ovarian cancer tissue than in normal ovarian tissue, but lower expression in ovarian cancer cell lines than in normal ovarian cell lines."
32414391,Pharmacotherapy,topp,TREATS,Ovarian epithelial cancer recurrent,neop,"Prognostic significance of baseline T cells, B cells and neutrophil-lymphocyte ratio (NLR) in recurrent ovarian cancer treated with chemotherapy."
32414391,Pharmacotherapy,topp,TREATS,Ovarian epithelial cancer recurrent,neop,"CONCLUSION: In recurrent ovarian cancer patients undergoing palliative chemotherapy, low T and B lymphocyte counts had an unfavorable prognostic impact."
32415947,Paclitaxel,phsu,TREATS,ovarian neoplasm,neop,Effect of glutamine on the immune function of paclitaxel intervention in ovarian cancer mice.To analyze the effect of amide Valley on the immune function of ovarian cancer mice treated with paclitaxel.
32474451,Sentinel Lymph Node Mapping,diap,DIAGNOSES,Malignant neoplasm of endometrium,neop,Combination of sentinel lymph node mapping and uterine frozen section examination to reduce side-specific lymphadenectomy rate in endometrial cancer: a Turkish Gynecologic Oncology Group study (TRSGO-SLN-002).
32474451,Sentinel Lymph Node Mapping,diap,DIAGNOSES,Malignant neoplasm of endometrium,neop,"Combination of sentinel lymph node mapping and uterine frozen section examination to reduce side-specific lymphadenectomy rate in endometrial cancer: a Turkish Gynecologic Oncology Group study (TRSGO-SLN-002).OBJECTIVE: This study aimed to find out whether side-specific pelvic lymphadenectomy can be omitted without compromising diagnostic efficacy according to ""reflex frozen section"" analysis of the uterus in case of sentinel lymph node (SLN) mapping failure."
32482115,Cisplatin,inch,TREATS,ovarian neoplasm,neop,The effects of umbilical cord-derived macrophage exosomes loaded with cisplatin on the growth and drug resistance of ovarian cancer cells.OBJECTIVE: To assess the feasibility of an exosome-based drug delivery platform for the potent chemotherapeutic agent cisplatin to treat ovarian cancer.
32483290,Pharmacotherapy,topp,AFFECTS,Neoplasm Metastasis,neop,"Unraveling tumor-immune heterogeneity in advanced ovarian cancer uncovers immunogenic effect of chemotherapy.In metastatic cancer, the degree of heterogeneity of the tumor microenvironment (TME) and its molecular underpinnings remain largely unstudied."